query,constant_false,places,transitions,best-first_verdict,best-first_wall_seconds,best-first_solver_seconds,best-first_repeats,bfs_verdict,bfs_wall_seconds,bfs_solver_seconds,bfs_repeats,integer-state-equation_verdict,integer-state-equation_wall_seconds,integer-state-equation_solver_seconds,integer-state-equation_repeats,klm-schemes_verdict,klm-schemes_wall_seconds,klm-schemes_solver_seconds,klm-schemes_repeats,marked-traps_verdict,marked-traps_wall_seconds,marked-traps_solver_seconds,marked-traps_repeats,portfolio_verdict,portfolio_wall_seconds,portfolio_solver_seconds,portfolio_repeats,portfolio-old_verdict,portfolio-old_wall_seconds,portfolio-old_solver_seconds,portfolio-old_repeats,smpt_verdict,smpt_wall_seconds,smpt_solver_seconds,smpt_repeats,state-equation_verdict,state-equation_wall_seconds,state-equation_solver_seconds,state-equation_repeats,support_verdict,support_wall_seconds,support_solver_seconds,support_repeats
a2_disjunct_0,False,8,7,unknown,0.083480125060305,0.078767917,1,reachable,0.007236958015710115,7.2042e-05,1,unknown,0.003462833119556308,0.000298208,1,unknown,0.17871883301995695,0.174476375,1,unknown,0.004190749954432249,0.0007225,1,reachable,0.0038920831866562366,3.8333e-05,1,reachable,0.003964249975979328,3.8167e-05,1,reachable,0.2885463749989867,0.17229509353637695,1,unknown,0.005045250058174133,0.000708458,1,unknown,0.003309542080387473,6.416e-06,1
a4_disjunct_0,True,9,8,unknown,0.11864441586658359,0.113706625,1,unknown,0.13265100005082786,0.1253785,1,unreachable,0.0038030000869184732,0.000105833,1,unknown,0.20505929179489613,0.19965925,1,unreachable,0.004617915954440832,0.000379875,1,unreachable,0.008221582975238562,0.003973708,1,unreachable,0.007817416917532682,0.004144916,1,unreachable,0.1814129170961678,0.08898210525512695,1,unreachable,0.004062708001583815,0.00028175,1,unknown,0.003637166926637292,6.958e-06,1
a4_disjunct_1,True,9,8,unknown,0.10260437498800457,0.096989959,1,unknown,0.12581483321264386,0.121174416,1,unreachable,0.0045961670111864805,0.000153417,1,unknown,0.19544899999164045,0.190851375,1,unreachable,0.004195624962449074,0.000384083,1,unreachable,0.009887916035950184,0.005420792,1,unreachable,0.00954804103821516,0.004537,1,unreachable,0.17512670787982643,0.08038520812988281,1,unreachable,0.004226250108331442,0.00033025,1,unknown,0.003932334017008543,7.083e-06,1
a5_disjunct_0,True,12,14,unknown,0.1766589169856161,0.171889584,1,unknown,0.1352539579384029,0.130213875,1,unreachable,0.004754750058054924,0.00026675,1,unknown,0.25714262505061924,0.251547291,1,unreachable,0.005084791919216514,0.000943917,1,unreachable,0.009919916978105903,0.004084375,1,unreachable,0.010898708133026958,0.006752792,1,unreachable,0.19036745885387063,0.09440183639526367,1,unreachable,0.004532916005700827,0.000688541,1,unknown,0.004209375008940697,8.042e-06,1
a5_disjunct_1,True,12,14,unknown,0.17343629198148847,0.168628083,1,unknown,0.1457692920230329,0.139356834,1,unreachable,0.00448070908896625,0.00026625,1,unknown,0.27307145786471665,0.267328875,1,unreachable,0.00447837496176362,0.00096675,1,unreachable,0.009956958936527371,0.004843541,1,unreachable,0.00873624999076128,0.004848917,1,unreachable,0.18033999996259809,0.0893099308013916,1,unreachable,0.005661957897245884,0.000926334,1,unknown,0.004432459129020572,6.958e-06,1
a5_disjunct_2,True,12,14,unknown,0.13764866581186652,0.133743541,1,unknown,0.13713354198262095,0.132057833,1,unreachable,0.0028772500809282064,0.000258458,1,unknown,0.20503416704013944,0.200864334,1,unreachable,0.004302249988541007,0.000936292,1,unreachable,0.00686683296225965,0.003883791,1,unreachable,0.007709041005000472,0.004339792,1,unreachable,0.13149679196067154,0.06408119201660156,1,unreachable,0.004180666990578175,0.000675791,1,unknown,0.0029892500024288893,7.25e-06,1
a5_disjunct_3,True,12,14,unknown,0.1457803330849856,0.141683833,1,unknown,0.11563337501138449,0.111960292,1,unreachable,0.0035355829168111086,0.0002595,1,unknown,0.215617333073169,0.21155525,1,unreachable,0.004075624980032444,0.00093425,1,unreachable,0.007768417010083795,0.004166167,1,unreachable,0.00814616703428328,0.004526416,1,unreachable,0.13276199996471405,0.06383609771728516,1,unreachable,0.004468707833439112,0.000655291,1,unknown,0.0036887088790535927,6.792e-06,1
a5_disjunct_4,True,12,14,unknown,0.16537387506105006,0.161042083,1,unknown,0.14359479094855487,0.139126541,1,unreachable,0.0035406670067459345,0.000276792,1,unknown,0.24450741708278656,0.240035667,1,unreachable,0.004358667181804776,0.001000708,1,unreachable,0.009456416126340628,0.004684459,1,unreachable,0.011425709119066596,0.005918334,1,unreachable,0.20459670783020556,0.10074090957641602,1,unreachable,0.00484137493185699,0.001089875,1,unknown,0.0038714169058948755,6.792e-06,1
a5_disjunct_5,True,12,14,unknown,0.1645992500707507,0.159333208,1,unknown,0.16491795796900988,0.157973542,1,unreachable,0.007016417104750872,0.000373083,1,unknown,0.26404749997891486,0.258966791,1,unreachable,0.005449249874800444,0.001475917,1,unreachable,0.01028166594915092,0.005344292,1,unreachable,0.009229041868820786,0.00514175,1,unreachable,0.18412216706201434,0.09089517593383789,1,unreachable,0.0076127920765429735,0.0010835,1,unknown,0.004632249940186739,7.166e-06,1
a5_disjunct_6,True,4,3,unknown,0.08340541692450643,0.078213084,1,unknown,0.07074208301492035,0.065528667,1,unreachable,0.00447341613471508,6.5791e-05,1,unknown,0.13571133301593363,0.129525666,1,unreachable,0.003678208915516734,0.000263875,1,unreachable,0.006591207813471556,0.002500666,1,unreachable,0.0090290408115834,0.002593833,1,unreachable,0.17272895900532603,0.08370494842529297,1,unreachable,0.004028375027701259,0.000230458,1,unknown,0.004112333059310913,6.167e-06,1
a5_disjunct_7,True,4,3,unknown,0.08431175001896918,0.079397208,1,unknown,0.06604995811358094,0.060891,1,unreachable,0.004393333103507757,0.000127292,1,unknown,0.13213704200461507,0.127643458,1,unreachable,0.0038253748789429665,0.000299458,1,unreachable,0.008547292090952396,0.004067167,1,unreachable,0.006397000048309565,0.0027475,1,unreachable,0.17429862497374415,0.08290410041809082,1,unreachable,0.0035540000535547733,0.000256875,1,unknown,0.004269458120688796,6.542e-06,1
a5_disjunct_8,True,4,3,unknown,0.088652916951105,0.084131291,1,unknown,0.07272245921194553,0.068227166,1,unreachable,0.0034976250026375055,7.6458e-05,1,unknown,0.1443660829681903,0.139190125,1,unreachable,0.004321000073105097,0.000254959,1,unreachable,0.006786833051592112,0.00290275,1,unreachable,0.006912667071446776,0.002799417,1,unreachable,0.1783736669458449,0.08650803565979004,1,unreachable,0.004361417144536972,0.000260041,1,unknown,0.0044877498876303434,6.25e-06,1
a6_disjunct_0,True,11,11,unknown,0.12321883300319314,0.118216291,1,unknown,0.13172341720201075,0.126313,1,unreachable,0.0037358750123530626,0.00014825,1,unknown,0.22792008402757347,0.223164,1,unreachable,0.004093833034858108,0.000532292,1,unreachable,0.00860349996946752,0.00402275,1,unreachable,0.009298291988670826,0.004873875,1,unreachable,0.1900992498267442,0.09084224700927734,1,unreachable,0.004238832974806428,0.000388917,1,unknown,0.003363208845257759,6.708e-06,1
a6_disjunct_1,False,11,11,unknown,0.130580292083323,0.126058959,1,reachable,0.00393254216760397,0.000167167,1,unknown,0.004542707931250334,0.00068825,1,unknown,0.23919066693633795,0.233214166,1,unknown,0.007512000156566501,0.002299583,1,reachable,0.004094624891877174,0.000470125,1,reachable,0.004327500006183982,0.000170042,1,reachable,0.2579120830632746,0.16394495964050293,1,unknown,0.007823416963219643,0.003388708,1,unknown,0.005835542222484946,7.291e-06,1
b1_disjunct_0,True,9,7,unknown,0.11218525003641844,0.106198542,1,unknown,0.11847979202866554,0.113327959,1,unreachable,0.005778957856819034,9.075e-05,1,unknown,0.21125062508508563,0.206349125,1,unreachable,0.005093666957691312,0.000532,1,unreachable,0.008134375093504786,0.00370275,1,unreachable,0.009238083148375154,0.00484675,1,unreachable,0.20370045816525817,0.10493588447570801,1,unreachable,0.005707249976694584,0.000272041,1,unknown,0.003941125003620982,6.583e-06,1
b1_disjunct_1,False,9,7,unknown,0.11039612512104213,0.105521,1,unknown,0.12039845809340477,0.114698416,1,unreachable,0.00597029086202383,0.000192375,1,unknown,0.23052679211832583,0.22489025,1,unreachable,0.005276459036394954,0.001119833,1,unreachable,0.009866917040199041,0.0045505,1,unreachable,0.011166833806782961,0.005845291,1,unreachable,0.23273320798762143,0.11735987663269043,1,unreachable,0.005377250025048852,0.000979334,1,unknown,0.004408541833981872,7.708e-06,1
b2_disjunct_0,False,16,19,unknown,0.1912024999037385,0.185449209,1,unknown,0.2088747499510646,0.200964,1,unreachable,0.004304207861423492,0.000611125,1,unknown,0.2694577919319272,0.262147292,1,unreachable,0.014093833044171333,0.009717042,1,unreachable,0.010345707880333066,0.005985292,1,unreachable,0.015653624897822738,0.011549,1,unreachable,0.15984520805068314,0.07479381561279297,1,unreachable,0.010650750016793609,0.006021333,1,unknown,0.004222916904836893,8.291e-06,1
b2_disjunct_1,False,17,20,unknown,0.15325712505728006,0.149173,1,unknown,0.14876454207114875,0.144713,1,unreachable,0.003533083014190197,0.000632917,1,unknown,0.2394358329474926,0.235624791,1,unreachable,0.00999645795673132,0.006726333,1,unreachable,0.009575790958479047,0.005413375,1,unreachable,0.015864457935094833,0.011259291,1,unreachable,0.22092895791865885,0.11545968055725098,1,unreachable,0.008969292044639587,0.005813375,1,unknown,0.0030667909886687994,6.5e-06,1
b2_disjunct_2,False,17,20,unknown,0.20653700013644993,0.200620583,1,unknown,0.19133858405984938,0.186369208,1,unreachable,0.007511874893680215,0.001012375,1,unknown,0.3317683341447264,0.325372792,1,unreachable,0.011794958962127566,0.007786792,1,unreachable,0.013132750056684017,0.008025291,1,unreachable,0.018173167016357183,0.013356459,1,unreachable,0.22715112497098744,0.11635494232177734,1,unreachable,0.014978708932176232,0.009450917,1,unknown,0.004753333982080221,8.208e-06,1
b2_disjunct_3,False,18,21,unknown,0.26156120910309255,0.255562125,1,unknown,0.2377484580501914,0.231689166,1,unreachable,0.007514666998758912,0.001535208,1,unknown,0.36679016682319343,0.358943292,1,unreachable,0.01617179112508893,0.010431542,1,unreachable,0.011778665939345956,0.007389792,1,unreachable,0.02621079096570611,0.019954625,1,unreachable,0.21231637499295175,0.11024904251098633,1,unreachable,0.01577666704542935,0.010340417,1,unknown,0.004747499944642186,9.375e-06,1
b2_disjunct_4,False,18,21,unknown,0.21575270895846188,0.209443541,1,unknown,0.21179729094728827,0.204718875,1,unreachable,0.007328832987695932,0.001123959,1,unknown,0.3299590409733355,0.323452542,1,unreachable,0.016118165804073215,0.009378125,1,unreachable,0.015041165985167027,0.010246333,1,unreachable,0.021389208966866136,0.014861708,1,unreachable,0.21304391603916883,0.10909891128540039,1,unreachable,0.014384540962055326,0.0095055,1,unknown,0.004559834022074938,8.5e-06,1
b2_disjunct_5,False,17,20,unknown,0.18869408313184977,0.183841416,1,unknown,0.20767804188653827,0.202151333,1,unreachable,0.004619792103767395,0.000736584,1,unknown,0.30050837504677474,0.29330425,1,unreachable,0.011961709009483457,0.008120958,1,unreachable,0.01290733297355473,0.006853917,1,unreachable,0.02901716693304479,0.019373167,1,unreachable,0.20762241701595485,0.10664916038513184,1,unreachable,0.0109416248742491,0.006770833,1,unknown,0.004055290948599577,8e-06,1
b3_disjunct_0,False,17,18,unknown,0.1938087500166148,0.185889709,1,unknown,0.2087654999922961,0.202821084,1,unreachable,0.004362666979432106,0.000611333,1,unknown,0.3261384170036763,0.320063875,1,unreachable,0.011016250122338533,0.006481834,1,unreachable,0.010809249943122268,0.005653458,1,unreachable,0.017790792044252157,0.013531916,1,unreachable,0.212191249942407,0.11661815643310547,1,unreachable,0.010024125222116709,0.005714208,1,unknown,0.0036157499998807907,8.375e-06,1
b3_disjunct_1,False,17,18,unknown,0.1934268749319017,0.188174084,1,unknown,0.20783729199320078,0.201073583,1,unreachable,0.0047506659757345915,0.000599833,1,unknown,0.3170108748599887,0.311370875,1,unreachable,0.01126054092310369,0.006635375,1,unreachable,0.01069254195317626,0.006514791,1,unreachable,0.017077083000913262,0.012938042,1,unreachable,0.14919558400288224,0.07358717918395996,1,unreachable,0.012216667179018259,0.007002417,1,unknown,0.0036023748107254505,8.167e-06,1
b4_disjunct_0,False,17,18,unknown,0.14213916705921292,0.138381708,1,unknown,0.146452333079651,0.142156208,1,unreachable,0.0038789999671280384,0.000515333,1,unknown,0.2578660419676453,0.252874375,1,unreachable,0.008391707902774215,0.005620208,1,unreachable,0.012452708091586828,0.007151875,1,unreachable,0.015623374842107296,0.011718375,1,unreachable,0.17814245889894664,0.09236311912536621,1,unreachable,0.00838024984113872,0.005126375,1,unknown,0.003134125145152211,6.625e-06,1
b4_disjunct_1,False,17,18,unknown,0.20504191680811346,0.198091708,1,unknown,0.18932554102502763,0.184878208,1,unreachable,0.00470083300024271,0.00113275,1,unknown,0.31793145812116563,0.310617375,1,unreachable,0.013881874969229102,0.008985709,1,unreachable,0.01167720789089799,0.006676792,1,unreachable,0.01830287487246096,0.013126084,1,unreachable,0.20968829188495874,0.11615800857543945,1,unreachable,0.011663125129416585,0.005949084,1,unknown,0.005220707971602678,1.3792e-05,1
c1_disjunct_0,False,24,38,unknown,0.37359837512485683,0.368103416,1,unknown,0.18751449999399483,0.182447792,1,unknown,0.013987832935526967,0.009433583,1,unknown,0.5516419170890003,0.54539075,1,unknown,0.05139129189774394,0.046121333,1,unknown,0.614617665996775,0.607723792,1,unknown,0.4205684170592576,0.415339333,1,unknown,2.0903677500318736,2.0903677500318736,1,unknown,0.04265874996781349,0.038181208,1,unknown,0.004129624925553799,9e-06,1
c2_disjunct_0,False,18,14,unknown,0.1793526248075068,0.175236833,1,unknown,0.1480616251938045,0.143591,1,unreachable,0.0040057499427348375,0.000485375,1,unknown,0.2597902079578489,0.255678875,1,unreachable,0.008959209080785513,0.00566275,1,unreachable,0.009211790980771184,0.005184125,1,unreachable,0.012717666802927852,0.0092505,1,unreachable,0.19352679210714996,0.1025240421295166,1,unreachable,0.008801083080470562,0.0050605,1,unknown,0.0034354161471128464,1.1542e-05,1
c2_disjunct_1,False,18,14,unknown,0.21213433286175132,0.207268584,1,unknown,0.1600781250745058,0.155093792,1,unreachable,0.004776166984811425,0.000545334,1,unknown,0.34181829215958714,0.333560042,1,unreachable,0.012054249877110124,0.007624417,1,unreachable,0.013226333074271679,0.007379917,1,unreachable,0.018166250083595514,0.013378,1,unreachable,0.23380862502381206,0.11832380294799805,1,unreachable,0.009271542076021433,0.005484459,1,unknown,0.00593162514269352,7.417e-06,1
c2_disjunct_10,True,18,14,unknown,0.22000150009989738,0.2151975,1,unknown,0.17753287497907877,0.171159917,1,unreachable,0.006871625082567334,0.000804125,1,unknown,0.3456202500965446,0.339154167,1,unreachable,0.006749042076990008,0.002009417,1,unreachable,0.010065000038594007,0.005318125,1,unreachable,0.01370358420535922,0.009045083,1,unreachable,0.1949383330065757,0.09687614440917969,1,unreachable,0.005573416128754616,0.001644459,1,unknown,0.003979875007644296,7.542e-06,1
c2_disjunct_11,True,5,3,unknown,0.11055508302524686,0.1058435,1,unknown,0.06919212499633431,0.064521334,1,unreachable,0.004355417098850012,7.0125e-05,1,unknown,1.7994137501809746,1.793736875,1,unreachable,0.004640874918550253,0.000266834,1,unreachable,0.006796041037887335,0.002627083,1,unreachable,0.007523874985054135,0.002581666,1,unreachable,0.20039508282206953,0.10339212417602539,1,unreachable,0.00530187482945621,0.000196542,1,unknown,0.0037857498973608017,8.792e-06,1
c2_disjunct_12,True,8,6,unknown,0.13301566592417657,0.127774042,1,unknown,0.11578712519258261,0.111102208,1,unreachable,0.00512991682626307,0.0001135,1,unknown,0.17944391700439155,0.172954042,1,unreachable,0.004976249998435378,0.000440708,1,unreachable,0.007422290975227952,0.003811958,1,unreachable,0.008545916993170977,0.003998291,1,unreachable,0.1980735408142209,0.10526800155639648,1,unreachable,0.004639750113710761,0.000380458,1,unknown,0.004456500057131052,7.8e-05,1
c2_disjunct_13,False,18,14,unknown,0.18349129194393754,0.179707125,1,unknown,0.15529512497596443,0.149372708,1,unreachable,0.0038087081629782915,0.000534584,1,unknown,0.27082741679623723,0.267202458,1,unreachable,0.008965625194832683,0.005856958,1,unreachable,0.009943958139047027,0.00641475,1,unreachable,0.012623625108972192,0.009517458,1,unreachable,0.1750862500630319,0.09115076065063477,1,unreachable,0.00836124992929399,0.005112667,1,unknown,0.00337804201990366,7.375e-06,1
c2_disjunct_14,False,18,14,unknown,0.22449637483805418,0.218466709,1,unknown,0.1642097078729421,0.158408125,1,unreachable,0.005095167085528374,0.0009295,1,unknown,0.39134233305230737,0.386147833,1,unreachable,0.014619417022913694,0.010757666,1,unreachable,0.01145408395677805,0.007067208,1,unreachable,0.01756691699847579,0.013224333,1,unreachable,0.1966672078706324,0.09662795066833496,1,unreachable,0.013218292035162449,0.007919584,1,unknown,0.0041686659678816795,1.4458e-05,1
c2_disjunct_15,False,18,14,unknown,0.2183760420884937,0.213262417,1,unknown,0.1787224591244012,0.174316084,1,unreachable,0.0051589589565992355,0.000756708,1,unknown,0.3622125838883221,0.354946417,1,unreachable,0.01447391603142023,0.009328375,1,unreachable,0.009287792025133967,0.005829333,1,unreachable,0.01706979190930724,0.012300209,1,unreachable,0.20358245796523988,0.10377311706542969,1,unreachable,0.012053041951730847,0.007932208,1,unknown,0.004043166991323233,7.917e-06,1
c2_disjunct_16,True,18,14,unknown,0.21256925002671778,0.207636625,1,unknown,0.18051475007086992,0.17440525,1,unreachable,0.005276665790006518,0.00034025,1,unknown,0.3510924580041319,0.345754625,1,unreachable,0.004908667178824544,0.001261125,1,unreachable,0.01171712507493794,0.006451083,1,unreachable,0.01006000000052154,0.005851333,1,unreachable,0.19662762503139675,0.10035014152526855,1,unreachable,0.005195416044443846,0.000874834,1,unknown,0.0043862920720130205,7.292e-06,1
c2_disjunct_17,True,18,14,unknown,0.22176675009541214,0.215855375,1,unknown,0.18522662506438792,0.179102708,1,unreachable,0.004177415976300836,0.000429167,1,unknown,0.36495312489569187,0.358406083,1,unreachable,0.005585708888247609,0.001838125,1,unreachable,0.013551749987527728,0.007102666,1,unreachable,0.011248833034187555,0.00581575,1,unreachable,0.21963100018911064,0.1094212532043457,1,unreachable,0.006235749926418066,0.001201084,1,unknown,0.004240625072270632,7.667e-06,1
c2_disjunct_18,False,18,14,unknown,0.23479066602885723,0.229248,1,unknown,0.18613658309914172,0.179945958,1,unreachable,0.004818582907319069,0.000602792,1,unknown,0.3234788328409195,0.318111958,1,unreachable,0.011660083895549178,0.007135375,1,unreachable,0.008487750077620149,0.00510725,1,unreachable,0.01337295793928206,0.010076167,1,unreachable,0.1330720828846097,0.06482076644897461,1,unreachable,0.011369166895747185,0.005861709,1,unknown,0.005969457793980837,1.6625e-05,1
c2_disjunct_19,False,18,14,unknown,0.16021679202094674,0.15633275,1,unknown,0.1326733329333365,0.128873916,1,unreachable,0.005385583033785224,0.0005185,1,unknown,0.32326933392323554,0.317308833,1,unreachable,0.010713082971051335,0.006460917,1,unreachable,0.011058874893933535,0.005006042,1,unreachable,0.015691667096689343,0.011834875,1,unreachable,0.20446099992841482,0.10309505462646484,1,unreachable,0.009000125108286738,0.005336834,1,unknown,0.003991791047155857,7.25e-06,1
c2_disjunct_2,False,18,14,unknown,0.2238948750309646,0.218816291,1,unknown,0.17643641610629857,0.170332541,1,unreachable,0.006796125089749694,0.000702833,1,unknown,0.3988508339971304,0.390333792,1,unreachable,0.01617379207164049,0.0114475,1,unreachable,0.010979834012687206,0.006272,1,unreachable,0.01963766710832715,0.013560416,1,unreachable,0.22101083304733038,0.11705589294433594,1,unreachable,0.01042137504555285,0.006213292,1,unknown,0.005545875057578087,7.5e-06,1
c2_disjunct_20,False,18,14,unknown,0.25312449992634356,0.245559916,1,unknown,0.21215304196812212,0.20497375,1,unreachable,0.0054333750158548355,0.00061075,1,unknown,0.397618374787271,0.391267333,1,unreachable,0.012939208885654807,0.007931917,1,unreachable,0.015244832960888743,0.010255666,1,unreachable,0.019344875123351812,0.013532167,1,unreachable,0.2553665831219405,0.13480091094970703,1,unreachable,0.015501792076975107,0.010188542,1,unknown,0.004455124959349632,8.083e-06,1
c2_disjunct_21,False,18,14,unknown,0.2458561670500785,0.240251917,1,unknown,0.19121933286078274,0.184763041,1,unreachable,0.0043580420315265656,0.000616,1,unknown,0.3763122078962624,0.368902125,1,unreachable,0.01144879194907844,0.007819166,1,unreachable,0.013998874928802252,0.008319458,1,unreachable,0.020588957937434316,0.012846458,1,unreachable,0.24252845789305866,0.12671279907226562,1,unreachable,0.014859708026051521,0.010124167,1,unknown,0.006309957941994071,8.083e-06,1
c2_disjunct_22,False,18,14,unknown,0.24815708305686712,0.242229584,1,unknown,0.20354320807382464,0.196564625,1,unreachable,0.0061025419272482395,0.000605625,1,unknown,0.38889062497764826,0.3816845,1,unreachable,0.017002333886921406,0.011104625,1,unreachable,0.010709540918469429,0.00569775,1,unreachable,0.01758479094132781,0.013022333,1,unreachable,0.21910158405080438,0.11327815055847168,1,unreachable,0.01799383293837309,0.0137855,1,unknown,0.005612124921754003,8.25e-06,1
c2_disjunct_23,True,18,14,unknown,0.19012824981473386,0.186193792,1,unknown,0.17766933306120336,0.171398959,1,unreachable,0.004476667148992419,0.000344958,1,unknown,0.3176443330012262,0.313203375,1,unreachable,0.004724083002656698,0.00121275,1,unreachable,0.008184124948456883,0.004733917,1,unreachable,0.012771459063515067,0.00535475,1,unreachable,0.13631566683761775,0.06672811508178711,1,unreachable,0.004329832969233394,0.000843458,1,unknown,0.003597541945055127,6.958e-06,1
c2_disjunct_24,True,18,14,unknown,0.26377829094417393,0.255187416,1,unknown,0.20649458398111165,0.201703375,1,unreachable,0.010610457975417376,0.000809584,1,unknown,0.41530358395539224,0.402956959,1,unreachable,0.008581416914239526,0.001232708,1,unreachable,0.012217833194881678,0.005434833,1,unreachable,0.015430749859660864,0.00977825,1,unreachable,0.25590945803560317,0.12653684616088867,1,unreachable,0.007522041909396648,0.000892125,1,unknown,0.011764083057641983,1.6375e-05,1
c2_disjunct_3,True,18,14,unknown,0.26482829195447266,0.256461417,1,unknown,0.22484554210677743,0.216643042,1,unreachable,0.007617334136739373,0.00071525,1,unknown,0.416446499992162,0.409054584,1,unreachable,0.008021333022043109,0.001813916,1,unreachable,0.010955957928672433,0.006220667,1,unreachable,0.013633667025715113,0.007892042,1,unreachable,0.2887512920424342,0.12845206260681152,1,unreachable,0.010281750001013279,0.002524584,1,unknown,0.005862042075023055,7.75e-06,1
c2_disjunct_4,True,18,14,unknown,0.2728094169870019,0.266290125,1,unknown,0.24403754202648997,0.237046833,1,unreachable,0.005556582938879728,0.000448625,1,unknown,0.5071780828293413,0.500371334,1,unreachable,0.006581375142559409,0.001258166,1,unreachable,0.018529374850913882,0.011301584,1,unreachable,0.017834790982306004,0.010055333,1,unreachable,0.2867992501705885,0.14805817604064941,1,unreachable,0.0076343750115484,0.001072334,1,unknown,0.00632108305580914,8.25e-06,1
c2_disjunct_5,True,1,0,unreachable,0.006372167030349374,2.1875e-05,1,unreachable,0.007812541909515858,1.1291e-05,1,unreachable,0.007267292123287916,0.000198542,1,unreachable,0.006258541019633412,1.1417e-05,1,unreachable,0.00477949995547533,0.000126958,1,unreachable,0.010055375052616,1.7583e-05,1,unreachable,0.004168458981439471,1.0875e-05,1,unreachable,0.2578174590598792,0.13211607933044434,1,unreachable,0.005045334110036492,7.6041e-05,1,unknown,0.005851290887221694,7.75e-06,1
c2_disjunct_6,True,1,0,unreachable,0.006189208012074232,1.1792e-05,1,unreachable,0.01575395790860057,0.001059875,1,unreachable,0.004420917015522718,4.5875e-05,1,unreachable,0.006397624965757132,1.4416e-05,1,unreachable,0.006700666854158044,0.000114625,1,unreachable,0.005573333008214831,1.5542e-05,1,unreachable,0.0049223750829696655,2.0458e-05,1,unreachable,0.259195625083521,0.1349179744720459,1,unreachable,0.0038423750083893538,7.7542e-05,1,unknown,0.005790916038677096,6.916e-06,1
c2_disjunct_7,True,8,6,unknown,0.14549112506210804,0.135983,1,unknown,0.13036441709846258,0.123591125,1,unreachable,0.007311625173315406,0.000120375,1,unknown,0.21616733283735812,0.209621375,1,unreachable,0.006104375002905726,0.000520333,1,unreachable,0.011033334070816636,0.004357834,1,unreachable,0.010604750132188201,0.005522458,1,unreachable,0.22501720790751278,0.11487627029418945,1,unreachable,0.0066354169975966215,0.000501959,1,unknown,0.006855166982859373,0.000202209,1
c2_disjunct_8,False,18,14,unknown,0.2521567498333752,0.244344916,1,unknown,0.1842135419137776,0.177572292,1,unreachable,0.006252332823351026,0.000626958,1,unknown,0.5022787498310208,0.4954735,1,unreachable,0.012977791018784046,0.008036208,1,unreachable,0.012876458931714296,0.007792417,1,unreachable,0.017830749973654747,0.012790042,1,unreachable,0.2611668750178069,0.12793183326721191,1,unreachable,0.012212458066642284,0.007119917,1,unknown,0.006006333045661449,7.917e-06,1
c2_disjunct_9,True,18,14,unknown,0.19250654219649732,0.187825834,1,unknown,0.19245491619221866,0.185154125,1,unreachable,0.004160208161920309,0.00031275,1,unknown,0.2857266659848392,0.281698208,1,unreachable,0.004632374970242381,0.001211792,1,unreachable,0.00794208305887878,0.004748208,1,unreachable,0.008598666870966554,0.005064084,1,unreachable,0.19242237485013902,0.09649801254272461,1,unreachable,0.004410916939377785,0.000858666,1,unknown,0.0032429159618914127,6.875e-06,1
c3_disjunct_0,False,8,6,unknown,0.10007149982266128,0.095396125,1,unknown,0.13024400011636317,0.122704208,1,unreachable,0.005523625062778592,0.000220167,1,unknown,0.17752562509849668,0.172224084,1,unreachable,0.00495600001886487,0.001000708,1,unreachable,0.026220083003863692,0.004745542,1,unreachable,0.009046833030879498,0.004281208,1,unreachable,0.23089283402077854,0.13049983978271484,1,unreachable,0.005467250011861324,0.000866792,1,unknown,0.005628667073324323,7.167e-06,1
c3_disjunct_1,True,8,6,unknown,0.12442087521776557,0.118891458,1,unknown,0.11612466699443758,0.110607208,1,unreachable,0.0062036660965532064,9.3875e-05,1,unknown,0.21343716699630022,0.205856833,1,unreachable,0.0062287498731166124,0.00034075,1,unreachable,0.0089670829474926,0.004773208,1,unreachable,0.010072625009343028,0.005155792,1,unreachable,0.21500724996440113,0.11159014701843262,1,unreachable,0.008013000013306737,0.000232041,1,unknown,0.004905082983896136,7.25e-06,1
c3_disjunct_2,True,8,6,unknown,0.12134758406318724,0.116597042,1,unknown,0.13007058412767947,0.12078025,1,unreachable,0.005771874915808439,0.000215458,1,unknown,0.20000020903535187,0.192283666,1,unreachable,0.005837416974827647,0.0006615,1,unreachable,0.009861874859780073,0.003628334,1,unreachable,0.011366000166162848,0.00583825,1,unreachable,0.2798003340139985,0.13369083404541016,1,unreachable,0.005727916955947876,0.000234,1,unknown,0.006418749922886491,1.1292e-05,1
c3_disjunct_3,False,8,6,unknown,0.12943945918232203,0.123671792,1,unknown,0.12586849997751415,0.118986208,1,unreachable,0.005211374955251813,0.000161375,1,unknown,0.18052979186177254,0.173008291,1,unreachable,0.005213000113144517,0.001103875,1,unreachable,0.012950708856806159,0.006556666,1,unreachable,0.009952166117727757,0.004746791,1,unreachable,0.24470670893788338,0.12030506134033203,1,unreachable,0.006369957933202386,0.001216166,1,unknown,0.0038619160186499357,8e-06,1
c3_disjunct_4,True,8,6,unknown,0.12211712496355176,0.116493125,1,unknown,0.11479029199108481,0.107654333,1,unreachable,0.006324541987851262,8.8375e-05,1,unknown,0.19227999984286726,0.183386042,1,unreachable,0.006523542106151581,0.000332708,1,unreachable,0.009693584172055125,0.003460459,1,unreachable,0.0104224169626832,0.003773042,1,unreachable,0.28689141711220145,0.13588476181030273,1,unreachable,0.006435417104512453,0.000225292,1,unknown,0.005474916892126203,7.125e-06,1
c3_disjunct_5,True,8,6,unknown,0.12772933300584555,0.119314584,1,unknown,0.11555720819160342,0.110482958,1,unreachable,0.007774666883051395,0.000229,1,unknown,0.2109427920076996,0.205788791,1,unreachable,0.009002292063087225,0.000931375,1,unreachable,0.011301917023956776,0.005005834,1,unreachable,0.010132957948371768,0.003923458,1,unreachable,0.24329483299516141,0.13072991371154785,1,unreachable,0.005309167085215449,0.000246791,1,unknown,0.006688833935186267,7.125e-06,1
c4_disjunct_0,False,13,10,unknown,0.18036408303305507,0.173525083,1,unknown,0.18001904198899865,0.173550167,1,unreachable,0.004945749882608652,0.000652167,1,unknown,0.29495554114691913,0.28477875,1,unreachable,0.008467790903523564,0.003925583,1,unreachable,0.011386916972696781,0.004868291,1,unreachable,0.02019012486562133,0.011978708,1,unreachable,0.2562307498883456,0.13112783432006836,1,unreachable,0.010383791057392955,0.003317541,1,unknown,0.006238000001758337,7.417e-06,1
c4_disjunct_1,False,13,10,unknown,0.14637691713869572,0.141966041,1,unknown,0.1782220839522779,0.16956525,1,unreachable,0.004498041933402419,0.000328542,1,unknown,0.272396459011361,0.267733667,1,unreachable,0.007132875034585595,0.003126291,1,unreachable,0.010271208127960563,0.004819834,1,unreachable,0.01455591688863933,0.009241041,1,unreachable,0.23405370791442692,0.11764883995056152,1,unreachable,0.007004959043115377,0.002741042,1,unknown,0.003253374947234988,6.917e-06,1
c4_disjunct_10,False,13,10,unknown,0.1751087091397494,0.167925458,1,unknown,0.1828369169961661,0.173131625,1,unreachable,0.00652250018902123,0.000328458,1,unknown,0.3040812499821186,0.296896166,1,unreachable,0.010028833989053965,0.003492542,1,unreachable,0.010128708090633154,0.005123417,1,unreachable,0.014947541058063507,0.008656125,1,unreachable,0.3545495409052819,0.16385793685913086,1,unreachable,0.008269082987681031,0.00359475,1,unknown,0.005041541997343302,7.292e-06,1
c4_disjunct_11,True,13,10,unknown,0.1889746249653399,0.179469834,1,unknown,0.17815375002101064,0.170659291,1,unreachable,0.006095207994803786,0.0001875,1,unknown,0.2860726669896394,0.280095792,1,unreachable,0.007043332792818546,0.000693833,1,unreachable,0.013583166990429163,0.007277084,1,unreachable,0.012546875048428774,0.005778375,1,unreachable,0.2501088338904083,0.12534809112548828,1,unreachable,0.00659362506121397,0.000501625,1,unknown,0.006273665931075811,7.417e-06,1
c4_disjunct_12,True,13,10,unknown,0.18195295915938914,0.170859542,1,unknown,0.16184674995020032,0.154942375,1,unreachable,0.006549375131726265,0.000182666,1,unknown,0.2915876251645386,0.285577917,1,unreachable,0.005549290915951133,0.000700166,1,unreachable,0.01137354108504951,0.00632175,1,unreachable,0.011476125102490187,0.005480875,1,unreachable,0.2723395419307053,0.1322307586669922,1,unreachable,0.006146749947220087,0.000808292,1,unknown,0.004430834203958511,6.875e-06,1
c4_disjunct_2,True,13,10,unknown,0.186878209002316,0.180078375,1,unknown,0.1915227088611573,0.183095416,1,unreachable,0.006146916886791587,0.000187292,1,unknown,0.2944390419870615,0.288266458,1,unreachable,0.007269999943673611,0.000727042,1,unreachable,0.01624675001949072,0.00946425,1,unreachable,0.01652266690507531,0.009254916,1,unreachable,0.24886366701684892,0.12709498405456543,1,unreachable,0.007524707820266485,0.000509958,1,unknown,0.0050029580015689135,7.959e-06,1
c4_disjunct_3,True,13,10,unknown,0.17707362514920533,0.17181075,1,unknown,0.1985034579411149,0.192325791,1,unreachable,0.006423291051760316,0.000293209,1,unknown,0.2915574158541858,0.282988333,1,unreachable,0.008379624923691154,0.000730917,1,unreachable,0.009994874941185117,0.004709709,1,unreachable,0.012400917010381818,0.00563975,1,unreachable,0.25951849995180964,0.1330118179321289,1,unreachable,0.006199500057846308,0.000522292,1,unknown,0.007802375126630068,7.458e-06,1
c4_disjunct_4,True,1,0,unreachable,0.004786791978403926,1.2791e-05,1,unreachable,0.006126458058133721,1.6875e-05,1,unreachable,0.0058630420826375484,4.4333e-05,1,unreachable,0.0063766250386834145,1.2e-05,1,unreachable,0.006172624882310629,0.00010575,1,unreachable,0.004863334121182561,1.5209e-05,1,unreachable,0.006822084076702595,1.1375e-05,1,unreachable,0.25892837485298514,0.14058923721313477,1,unreachable,0.005963833071291447,8.05e-05,1,unknown,0.004426208091899753,7.083e-06,1
c4_disjunct_5,False,13,10,unknown,0.2007694998756051,0.194449583,1,unknown,0.17107245791703463,0.164017,1,unreachable,0.00585620803758502,0.000333209,1,unknown,0.3206978749949485,0.3134055,1,unreachable,0.011002957820892334,0.003354167,1,unreachable,0.008397459052503109,0.00478825,1,unreachable,0.011274666991084814,0.007046167,1,unreachable,0.15448250016197562,0.0764780044555664,1,unreachable,0.011039084056392312,0.004269916,1,unknown,0.007497709011659026,1.3334e-05,1
c4_disjunct_6,True,13,10,unknown,0.2209657090716064,0.213087541,1,unknown,0.1627884590998292,0.157653708,1,unreachable,0.008044749964028597,0.000328458,1,unknown,0.2815876251552254,0.272246375,1,unreachable,0.006534417159855366,0.000734834,1,unreachable,0.01609045802615583,0.008329125,1,unreachable,0.01649283291772008,0.009320792,1,unreachable,0.26705145882442594,0.1356961727142334,1,unreachable,0.008535915985703468,0.001617583,1,unknown,0.006325333146378398,8.25e-06,1
c4_disjunct_7,True,13,10,unknown,0.1981334169395268,0.190542333,1,unknown,0.19109041709452868,0.181846917,1,unreachable,0.005179082974791527,0.000191292,1,unknown,0.2911565829999745,0.284404834,1,unreachable,0.0067108748480677605,0.000808667,1,unreachable,0.009993291925638914,0.004572625,1,unreachable,0.010567083023488522,0.005950375,1,unreachable,0.2109402078203857,0.10715699195861816,1,unreachable,0.006695999996736646,0.001031375,1,unknown,0.007509124930948019,7.458e-06,1
c4_disjunct_8,False,13,10,unknown,0.18918970809318125,0.18364175,1,unknown,0.17261695908382535,0.166927542,1,unreachable,0.00904320809058845,0.000555917,1,unknown,0.3243633748497814,0.316235209,1,unreachable,0.015035875141620636,0.006697875,1,unreachable,0.012390832882374525,0.005818708,1,unreachable,0.016760417027398944,0.009838416,1,unreachable,0.24250545795075595,0.13410592079162598,1,unreachable,0.009102458832785487,0.003090709,1,unknown,0.0067980000749230385,7.208e-06,1
c4_disjunct_9,False,13,10,unknown,0.19651579204946756,0.18709725,1,unknown,0.17309399996884167,0.166619042,1,unreachable,0.004772791173309088,0.000344291,1,unknown,0.3265385420527309,0.318359833,1,unreachable,0.012779666110873222,0.003693583,1,unreachable,0.012886665994301438,0.005053292,1,unreachable,0.017289625015109777,0.009486542,1,unreachable,0.2385225419420749,0.12361884117126465,1,unreachable,0.013502459041774273,0.005372458,1,unknown,0.006514541804790497,8.791e-06,1
c5_disjunct_0,False,17,22,unknown,0.28228366607800126,0.275986042,1,reachable,0.036205124808475375,0.029682542,1,unknown,0.011395790847018361,0.0065145,1,unknown,0.43356316606514156,0.425716125,1,unknown,0.020853667054325342,0.015495875,1,unknown,0.4152626250870526,0.407429334,1,unknown,0.3104897500015795,0.301963667,1,unknown,2.125452916836366,2.125452916836366,1,unknown,0.0211342079564929,0.013872875,1,unknown,0.009403416188433766,8.625e-06,1
c6_disjunct_0,False,15,14,reachable,0.006180250085890293,5.1125e-05,1,reachable,0.0075880419462919235,0.000509792,1,unknown,0.006253417115658522,0.00146925,1,reachable,0.0069924581330269575,0.000728083,1,unknown,0.012632875004783273,0.006798041,1,reachable,0.0066781670320779085,0.000161541,1,reachable,0.005388916935771704,0.000157417,1,reachable,0.5105014168657362,0.3869321346282959,1,unknown,0.014010542072355747,0.008255208,1,unknown,0.006213249871507287,8.417e-06,1
c7_disjunct_0,False,18,19,unknown,0.3391867079772055,0.328653792,1,reachable,0.0060205000918358564,0.000769,1,unknown,0.009035499999299645,0.003935333,1,unknown,0.46446016686968505,0.455601709,1,unknown,0.020391666796058416,0.014105167,1,reachable,0.008073750184848905,0.000533417,1,reachable,0.009219791041687131,0.000494042,1,reachable,0.607184125110507,0.48493003845214844,1,unknown,0.01998191699385643,0.013615791,1,unknown,0.005349916871637106,1.7e-05,1
c8_disjunct_0,False,13,10,unknown,0.1674620839767158,0.159997584,1,unknown,0.1880805001128465,0.181691125,1,unreachable,0.005652625113725662,0.0006035,1,unknown,0.28599295811727643,0.280279125,1,unreachable,0.012040292145684361,0.004879208,1,unreachable,0.012478250078856945,0.006471583,1,unreachable,0.014413291122764349,0.0092435,1,unreachable,0.23058437486179173,0.11435413360595703,1,unreachable,0.00749400001950562,0.002851416,1,unknown,0.005852374946698546,7.708e-06,1
c8_disjunct_1,False,13,10,unknown,0.19145887508057058,0.185568375,1,unknown,0.15950600011274219,0.154340708,1,unreachable,0.008655750192701817,0.000368917,1,unknown,0.3176240830216557,0.310262791,1,unreachable,0.015082082943990827,0.007215,1,unreachable,0.013147500110790133,0.007582083,1,unreachable,0.013034458039328456,0.007694625,1,unreachable,0.23861954198218882,0.12765812873840332,1,unreachable,0.01040529110468924,0.003244875,1,unknown,0.007476666942238808,0.000442792,1
c8_disjunct_10,False,13,10,unknown,0.17563287494704127,0.169573625,1,unknown,0.17514483304694295,0.167466333,1,unreachable,0.008068665862083435,0.000552125,1,unknown,0.28886583307757974,0.282666916,1,unreachable,0.014445916982367635,0.005159666,1,unreachable,0.009857625002041459,0.005022875,1,unreachable,0.01543712499551475,0.008263416,1,unreachable,0.17668691603466868,0.08798980712890625,1,unreachable,0.008769165957346559,0.003181625,1,unknown,0.006511833984404802,7.542e-06,1
c8_disjunct_11,True,13,10,unknown,0.16645058314315975,0.161584625,1,unknown,0.13125179195776582,0.125401458,1,unreachable,0.006816833047196269,0.0001795,1,unknown,0.29344787495210767,0.285242375,1,unreachable,0.006792625179514289,0.000703917,1,unreachable,0.011826915899291635,0.006033875,1,unreachable,0.016618124907836318,0.009930584,1,unreachable,0.24372545792721212,0.12833738327026367,1,unreachable,0.008717667078599334,0.000501833,1,unknown,0.007684832904487848,7.25e-06,1
c8_disjunct_12,True,13,10,unknown,0.19001520914025605,0.182902,1,unknown,0.16265337518416345,0.154427917,1,unreachable,0.0072572079952806234,0.000425084,1,unknown,0.2974884998984635,0.291142833,1,unreachable,0.007392792031168938,0.000787291,1,unreachable,0.011411666870117188,0.006457459,1,unreachable,0.010920749977231026,0.005222,1,unreachable,0.24442266603000462,0.13587713241577148,1,unreachable,0.006498917005956173,0.00079225,1,unknown,0.004563791211694479,7.5e-06,1
c8_disjunct_2,True,13,10,unknown,0.18939325003884733,0.180366417,1,unknown,0.19725820794701576,0.189157833,1,unreachable,0.006625083042308688,0.000201417,1,unknown,0.3011942091397941,0.294728625,1,unreachable,0.006706624990329146,0.00087475,1,unreachable,0.012407374801114202,0.00533025,1,unreachable,0.013082958059385419,0.007672583,1,unreachable,0.26570462505333126,0.13706207275390625,1,unreachable,0.00818229210563004,0.000523333,1,unknown,0.00602491688914597,7.833e-06,1
c8_disjunct_3,True,13,10,unknown,0.185269792098552,0.178578917,1,unknown,0.18599770916625857,0.179664959,1,unreachable,0.009414375061169267,0.000201125,1,unknown,0.32569170906208456,0.318187,1,unreachable,0.008447000058367848,0.000744166,1,unreachable,0.014295167056843638,0.007914167,1,unreachable,0.014810542110353708,0.006480417,1,unreachable,0.23189154197461903,0.11981821060180664,1,unreachable,0.007622332777827978,0.000586625,1,unknown,0.006820332957431674,7.75e-06,1
c8_disjunct_4,True,1,0,unreachable,0.0048468338791280985,1.075e-05,1,unreachable,0.00662270886823535,1.0625e-05,1,unreachable,0.005752124823629856,3.65e-05,1,unreachable,0.0055870001669973135,1.475e-05,1,unreachable,0.005529707996174693,0.000113,1,unreachable,0.0058389161713421345,1.0583e-05,1,unreachable,0.005284707993268967,1.1375e-05,1,unreachable,0.24325479217804968,0.1208641529083252,1,unreachable,0.006071458104997873,7.4916e-05,1,unknown,0.008304542163386941,7.625e-06,1
c8_disjunct_5,False,13,10,unknown,0.19997741701081395,0.192754667,1,unknown,0.17342020804062486,0.167938667,1,unreachable,0.005673333071172237,0.000550125,1,unknown,0.3132853750139475,0.30653975,1,unreachable,0.012482165824621916,0.005415416,1,unreachable,0.01394354086369276,0.00615,1,unreachable,0.018892541993409395,0.011298792,1,unreachable,0.26223433297127485,0.1358470916748047,1,unreachable,0.010306040989235044,0.003965208,1,unknown,0.006159290904179215,7.417e-06,1
c8_disjunct_6,True,13,10,unknown,0.20238224999047816,0.195280833,1,unknown,0.1835849171038717,0.169830042,1,unreachable,0.005565250059589744,0.000203042,1,unknown,0.28133708401583135,0.273472167,1,unreachable,0.006430709036067128,0.000775208,1,unreachable,0.010335708037018776,0.00614675,1,unreachable,0.012250624829903245,0.005029042,1,unreachable,0.22519908379763365,0.11754179000854492,1,unreachable,0.006398082943633199,0.000548833,1,unknown,0.005024083890020847,7.667e-06,1
c8_disjunct_7,True,13,10,unknown,0.16081070783548057,0.154340375,1,unknown,0.1398895839229226,0.134306458,1,unreachable,0.007797583006322384,0.000224834,1,unknown,0.28306816704571247,0.277102042,1,unreachable,0.00622837501578033,0.0009225,1,unreachable,0.012614083010703325,0.005160084,1,unreachable,0.011943875113502145,0.005185625,1,unreachable,0.2314566250424832,0.11671686172485352,1,unreachable,0.006597667001187801,0.000843709,1,unknown,0.007239208091050386,9.167e-06,1
c8_disjunct_8,False,13,10,unknown,0.2256762080360204,0.216190333,1,unknown,0.19239462492987514,0.184867416,1,unreachable,0.0070978328585624695,0.000344292,1,unknown,0.30867020902223885,0.300431083,1,unreachable,0.013156124856323004,0.005846,1,unreachable,0.015162041876465082,0.008817959,1,unreachable,0.01573520782403648,0.010289667,1,unreachable,0.21648770803585649,0.10639166831970215,1,unreachable,0.007888125022873282,0.002998792,1,unknown,0.00709779211319983,7.708e-06,1
c8_disjunct_9,False,13,10,unknown,0.21834562509320676,0.2105375,1,unknown,0.167086916975677,0.160272416,1,unreachable,0.00707604200579226,0.000395791,1,unknown,0.3178272908553481,0.310488,1,unreachable,0.009683249983936548,0.003695709,1,unreachable,0.010045540984719992,0.004803917,1,unreachable,0.02039779187180102,0.012875958,1,unreachable,0.22873279103077948,0.10102725028991699,1,unreachable,0.00932908384129405,0.003209083,1,unknown,0.004082957981154323,7.375e-06,1
d1_disjunct_0,False,14,13,unknown,0.2854133751243353,0.279772417,1,unknown,0.1402879587840289,0.13139025,1,unreachable,0.00785862491466105,0.001197959,1,unknown,0.45991587499156594,0.452666333,1,unknown,0.014909958932548761,0.008043917,1,unreachable,0.010139749851077795,0.006339125,1,unknown,0.2791984169743955,0.273930458,1,unreachable,0.2087362080346793,0.10452389717102051,1,unknown,0.04059004201553762,0.034098166,1,unknown,0.005250666989013553,8.041e-06,1
d1_disjunct_1,False,11,11,unknown,0.23215529206208885,0.226490292,1,unknown,0.12964974995702505,0.122452458,1,unreachable,0.006270332960411906,0.000395042,1,unknown,0.36688358313404024,0.361340625,1,unreachable,0.01540920790284872,0.009513875,1,unreachable,0.009818000020459294,0.004129459,1,unreachable,0.02000466687604785,0.012533791,1,unreachable,0.2301144590601325,0.12494516372680664,1,unreachable,0.010433292016386986,0.004995958,1,unknown,0.006752958986908197,7.458e-06,1
d1_disjunct_2,True,8,6,unknown,0.157601417042315,0.152133166,1,unknown,0.0956324590370059,0.088020833,1,unreachable,0.004799374844878912,0.000102792,1,unknown,0.3806212921626866,0.374675,1,unreachable,0.0051724170334637165,0.000623625,1,unreachable,0.008686957880854607,0.003107708,1,unreachable,0.008781207958236337,0.004160167,1,unreachable,0.23567062499932945,0.11479663848876953,1,unreachable,0.004590291995555162,0.000254375,1,unknown,0.004236500011757016,7.084e-06,1
d1_disjunct_3,False,11,8,unknown,0.17273049987852573,0.166125334,1,unknown,0.11820145882666111,0.110237375,1,unreachable,0.01053537498228252,0.001125875,1,unknown,0.5028897922020406,0.494655375,1,unreachable,0.0130970838945359,0.005264917,1,unreachable,0.00909249996766448,0.003841667,1,unreachable,0.011418625013902783,0.00622425,1,unreachable,0.2374517919961363,0.11020994186401367,1,unreachable,0.010232750093564391,0.001832208,1,unknown,0.009692749939858913,4.625e-05,1
d1_disjunct_4,False,11,8,unknown,0.18427804112434387,0.177021375,1,unknown,0.1162410001270473,0.108635,1,unreachable,0.007145750103518367,0.000310541,1,unknown,0.49775375006720424,0.489672834,1,unreachable,0.009564874926581979,0.00277425,1,unreachable,0.009043374797329307,0.004141666,1,unreachable,0.010446582920849323,0.005123333,1,unreachable,0.2303456668742001,0.10820388793945312,1,unreachable,0.007241375045850873,0.002640916,1,unknown,0.005787000060081482,6.917e-06,1
d1_disjunct_5,False,14,13,unknown,0.2376141669228673,0.23056875,1,unknown,0.15502441697753966,0.148586542,1,unreachable,0.006972749950364232,0.000467666,1,unknown,0.39796083397231996,0.389299375,1,unreachable,0.015396165894344449,0.007366209,1,unreachable,0.012601791881024837,0.0045045,1,unreachable,0.01647241599857807,0.008037792,1,unreachable,0.26397416600957513,0.13631200790405273,1,unreachable,0.0091393340844661,0.003401709,1,unknown,0.006842874921858311,1.0459e-05,1
d1_disjunct_6,False,11,11,unknown,0.22656729212030768,0.2192955,1,unknown,0.13541120802983642,0.128355167,1,unreachable,0.0050843339413404465,0.000320125,1,unknown,0.39434750005602837,0.384691125,1,unreachable,0.015303082996979356,0.007027958,1,unreachable,0.009772083023563027,0.004942542,1,unreachable,0.016061499947682023,0.009354833,1,unreachable,0.251920125214383,0.1369168758392334,1,unreachable,0.009441707981750369,0.002822125,1,unknown,0.008009999990463257,7.5e-06,1
d2_disjunct_0,False,18,25,unknown,0.23267200007103384,0.225996792,1,reachable,0.007712332997471094,0.000178875,1,unknown,0.008098582969978452,0.002798459,1,unknown,0.5213666670024395,0.513937041,1,unknown,0.025183457881212234,0.018081916,1,reachable,0.0057004590053111315,0.000144791,1,reachable,0.007560791913419962,9.4166e-05,1,reachable,0.39591329195536673,0.28427577018737793,1,unknown,0.018450167030096054,0.011634167,1,unknown,0.006170374806970358,8.917e-06,1
d3_disjunct_0,False,15,11,unknown,0.20811929204501212,0.203450625,1,unknown,0.11908524995669723,0.113997834,1,unreachable,0.007227499969303608,0.000402167,1,unknown,0.5780003748368472,0.571078583,1,unreachable,0.016104124952107668,0.006686917,1,unreachable,0.012391750002279878,0.006161333,1,unreachable,0.013994249980896711,0.008190666,1,unreachable,0.23372491681948304,0.1118168830871582,1,unreachable,0.011018834076821804,0.003871708,1,unknown,0.005358833121135831,7.542e-06,1
d3_disjunct_1,False,9,7,unknown,0.20359008316881955,0.19465425,1,unknown,0.10171137494035065,0.094654625,1,unreachable,0.004741957876831293,0.000219666,1,unknown,0.5354895419441164,0.527805375,1,unknown,0.007556875003501773,0.0021675,1,unreachable,0.011297292076051235,0.0049935,1,unknown,0.1731112499255687,0.164742125,1,unreachable,0.268208707915619,0.11950111389160156,1,unknown,0.006861417088657618,0.001528333,1,unknown,0.007652666885405779,7.583e-06,1
d3_disjunct_2,False,12,9,unknown,0.22980454098433256,0.220541125,1,unknown,0.12272704113274813,0.116944292,1,unreachable,0.006103459047153592,0.000297958,1,unknown,0.5138901250902563,0.507094208,1,unreachable,0.0100919168908149,0.003299583,1,unreachable,0.010565708857029676,0.004282084,1,unreachable,0.013925875071436167,0.006877417,1,unreachable,0.24138912511989474,0.13665294647216797,1,unreachable,0.010117291007190943,0.002774042,1,unknown,0.006439167074859142,7.5e-06,1
d3_disjunct_3,False,12,9,unknown,0.17899612500332296,0.173040958,1,unknown,0.10688041592948139,0.099614167,1,unreachable,0.0065701669082045555,0.000322667,1,unknown,0.5085927918553352,0.501364333,1,unreachable,0.010783832985907793,0.004144125,1,unreachable,0.008760249940678477,0.003681083,1,unreachable,0.014630041783675551,0.00679775,1,unreachable,0.23923424980603158,0.13283491134643555,1,unreachable,0.008589332923293114,0.002986208,1,unknown,0.005363584030419588,7.209e-06,1
d3_disjunct_4,False,18,17,unknown,0.2860797920729965,0.276865125,1,unknown,0.18568995804525912,0.178060792,1,unreachable,0.006671292008832097,0.000739083,1,unknown,0.5166605410631746,0.508666834,1,unreachable,0.024417625041678548,0.015223459,1,unreachable,0.012292833998799324,0.005287625,1,unreachable,0.020002166973426938,0.012753875,1,unreachable,0.2340328749269247,0.1151421070098877,1,unreachable,0.012678500032052398,0.006371375,1,unknown,0.006251500220969319,2.2875e-05,1
d3_disjunct_5,False,15,15,unknown,0.27125237486325204,0.265795,1,unknown,0.14139812509529293,0.135347708,1,unreachable,0.00611804099753499,0.001011125,1,unknown,0.4631819168571383,0.456348208,1,unreachable,0.012730540940538049,0.006834833,1,unreachable,0.011054332833737135,0.005115542,1,unreachable,0.0159855829551816,0.00978525,1,unreachable,0.2238878330681473,0.10596585273742676,1,unreachable,0.01052983314730227,0.005844041,1,unknown,0.006889333017170429,9.333e-06,1
d3_disjunct_6,False,12,13,unknown,0.2194172500167042,0.212021416,1,unknown,0.13563745911233127,0.126559709,1,unreachable,0.007236499805003405,0.000431041,1,unknown,0.4328136669937521,0.423651625,1,unreachable,0.009492707904428244,0.004413083,1,unreachable,0.011579165933653712,0.0048435,1,unreachable,0.014373666839674115,0.007594833,1,unreachable,0.27074004197493196,0.14939117431640625,1,unreachable,0.008521290961652994,0.003144709,1,unknown,0.006209083134308457,1.7375e-05,1
d4_disjunct_0,False,18,17,unknown,0.34168512490577996,0.334739041,1,unknown,0.17784245894290507,0.170682958,1,unreachable,0.007585207931697369,0.001840042,1,unknown,0.5717023329343647,0.562963667,1,unknown,0.035142417065799236,0.027479584,1,unreachable,0.01636179187335074,0.009207708,1,unknown,0.40314595797099173,0.392921583,1,unreachable,0.25341016589663923,0.13984990119934082,1,unknown,0.03164474992081523,0.024451375,1,unknown,0.008024459006264806,8.416e-06,1
d4_disjunct_1,False,12,13,unknown,0.26511924993246794,0.257398917,1,unknown,0.14878620789386332,0.138995,1,unreachable,0.005622083088383079,0.000630958,1,unknown,0.47029970795847476,0.461462125,1,unknown,0.025843458017334342,0.019852875,1,unreachable,0.011233625002205372,0.004407125,1,unknown,0.27957491599954665,0.273290375,1,unreachable,0.24973016697913408,0.12503290176391602,1,unknown,0.01801950018852949,0.009744,1,unknown,0.005240082973614335,8.125e-06,1
d4_disjunct_10,False,15,15,unknown,0.29161237506195903,0.284586958,1,unknown,0.17329195886850357,0.165486917,1,unreachable,0.006224999902769923,0.000979167,1,unknown,0.4706706670112908,0.464366167,1,unreachable,0.016232167137786746,0.009347,1,unreachable,0.00865854206494987,0.004661875,1,unreachable,0.014177790842950344,0.009161625,1,unreachable,0.22748133284039795,0.1324479579925537,1,unreachable,0.011442707851529121,0.006108167,1,unknown,0.004869875032454729,3.6167e-05,1
d4_disjunct_11,False,12,13,unknown,0.2522777081467211,0.243575,1,unknown,0.13735562493093312,0.128300959,1,unreachable,0.009563458152115345,0.000401792,1,unknown,0.4524788330309093,0.442786417,1,unreachable,0.013477208092808723,0.005205,1,unreachable,0.010065249865874648,0.004164,1,unreachable,0.01918049994856119,0.0123815,1,unreachable,0.2246358331758529,0.1102139949798584,1,unreachable,0.013524875044822693,0.003776916,1,unknown,0.008388916030526161,0.00024025,1
d4_disjunct_12,False,18,17,unknown,0.3338972090277821,0.324228041,1,unknown,0.1788582089357078,0.166887875,1,unreachable,0.0054223749320954084,0.000650958,1,unknown,0.604615000076592,0.596128584,1,unreachable,0.03322166600264609,0.0269885,1,unreachable,0.01901124999858439,0.010170416,1,unreachable,0.025646416936069727,0.019535542,1,unreachable,0.24349954188801348,0.1282668113708496,1,unreachable,0.019567999988794327,0.0126365,1,unknown,0.014603666961193085,8.125e-06,1
d4_disjunct_13,False,15,15,unknown,0.288915874902159,0.280560292,1,unknown,0.14812420797534287,0.140793083,1,unreachable,0.005453583085909486,0.000710416,1,unknown,0.44596641696989536,0.43895475,1,unreachable,0.014895749976858497,0.008441209,1,unreachable,0.009909583954140544,0.0052455,1,unreachable,0.017502000089734793,0.011388917,1,unreachable,0.2175725419074297,0.11051416397094727,1,unreachable,0.010292958933860064,0.004623167,1,unknown,0.005366584053263068,7.833e-06,1
d4_disjunct_14,False,12,13,unknown,0.23877175012603402,0.229990625,1,unknown,0.13964354200288653,0.132897458,1,unreachable,0.006444333121180534,0.000792084,1,unknown,0.4232140420936048,0.415173125,1,unreachable,0.015368958003818989,0.004678042,1,unreachable,0.011309416964650154,0.004507416,1,unreachable,0.015613999916240573,0.007772,1,unreachable,0.21184887504205108,0.0905756950378418,1,unreachable,0.008979124948382378,0.004304834,1,unknown,0.006889417069032788,7.333e-06,1
d4_disjunct_2,False,15,15,unknown,0.29211187502369285,0.285345167,1,unknown,0.1194145418703556,0.115241875,1,unreachable,0.005586707964539528,0.000736791,1,unknown,0.4936432910617441,0.486833541,1,unreachable,0.12266729190014303,0.109353334,1,unreachable,0.010645166970789433,0.005638833,1,unreachable,0.06222154200077057,0.055574917,1,unreachable,0.2548284591175616,0.12795495986938477,1,unreachable,0.05757304118014872,0.049493875,1,unknown,0.004946208093315363,8.791e-06,1
d4_disjunct_3,False,15,15,unknown,0.3302955001126975,0.321980958,1,unknown,0.16794258286245167,0.16007225,1,unreachable,0.0060401661321520805,0.000691583,1,unknown,0.5111706249881536,0.502766125,1,unreachable,0.039492125157266855,0.034086625,1,unreachable,0.014029541052877903,0.005878083,1,unreachable,0.02322633285075426,0.017552042,1,unreachable,0.24137333407998085,0.11964917182922363,1,unreachable,0.014693333068862557,0.008287167,1,unknown,0.007529083173722029,8.375e-06,1
d4_disjunct_4,True,12,9,unknown,0.21513308282010257,0.209186959,1,unknown,0.13270241697318852,0.115661375,1,unreachable,0.0060938328970223665,0.000198333,1,unknown,0.5341582919936627,0.526428958,1,unreachable,0.0077172499150037766,0.001786791,1,unreachable,0.010439915815368295,0.004001333,1,unreachable,0.007916375063359737,0.003836708,1,unreachable,0.24502820894122124,0.11947226524353027,1,unreachable,0.006054374855011702,0.000475084,1,unknown,0.007824708940461278,7.792e-06,1
d4_disjunct_5,False,9,7,unknown,0.20375304203480482,0.194444667,1,unknown,0.12103720800951123,0.116100792,1,unreachable,0.008814417058601975,0.0002475,1,unknown,0.507244291016832,0.4914075,1,unreachable,0.007921500131487846,0.002578333,1,unreachable,0.007501875050365925,0.003530042,1,unreachable,0.009026583982631564,0.005028958,1,unreachable,0.21017620898783207,0.1263139247894287,1,unreachable,0.011335750110447407,0.00187525,1,unknown,0.007497334154322743,7.667e-06,1
d4_disjunct_6,False,15,11,unknown,0.2882631248794496,0.28009725,1,unknown,0.16361399996094406,0.154180709,1,unreachable,0.008469791151583195,0.000669958,1,unknown,0.720251833088696,0.700836125,1,unreachable,0.012505165999755263,0.007255125,1,unreachable,0.014223959064111114,0.007271292,1,unreachable,0.01705845887772739,0.011301875,1,unreachable,0.25216429214924574,0.1316061019897461,1,unreachable,0.01822137483395636,0.008917459,1,unknown,0.005415749968960881,8.583e-06,1
d4_disjunct_7,False,15,11,unknown,0.2802747921086848,0.267000625,1,unknown,0.12436120887286961,0.116771542,1,unreachable,0.014390917029231787,0.000804084,1,unknown,0.6105027920566499,0.603202125,1,unreachable,0.019647542154416442,0.0116395,1,unreachable,0.009504083078354597,0.00432575,1,unreachable,0.01531787496060133,0.008817667,1,unreachable,0.2716288340743631,0.14162802696228027,1,unreachable,0.05833820905536413,0.007568875,1,unknown,0.007545250002294779,1.3375e-05,1
d4_disjunct_8,False,12,9,unknown,0.24580312496982515,0.236350625,1,unknown,0.12751904199831188,0.121846791,1,unreachable,0.005667417077347636,0.000523666,1,unknown,0.5592206669971347,0.550709416,1,unreachable,0.009604707825928926,0.005004125,1,unreachable,0.00986945885233581,0.003860458,1,unreachable,0.01912899990566075,0.012093583,1,unreachable,0.2709159590303898,0.132127046585083,1,unreachable,0.009001707891002297,0.004079291,1,unknown,0.007615874987095594,7.917e-06,1
d4_disjunct_9,False,18,17,unknown,0.2832217919640243,0.276817167,1,unknown,0.18525520898401737,0.178729833,1,unreachable,0.00562458299100399,0.000847083,1,unknown,0.5998447919264436,0.590589042,1,unreachable,0.013403207994997501,0.008490417,1,unreachable,0.013325500069186091,0.007101875,1,unreachable,0.018988542025908828,0.010163083,1,unreachable,0.2337060000281781,0.1123659610748291,1,unreachable,0.009701584000140429,0.005117459,1,unknown,0.006069875089451671,9.042e-06,1
d5_disjunct_0,False,11,10,reachable,0.0042940001003444195,0.000172375,1,reachable,0.006139750126749277,5.5458e-05,1,unknown,0.0059601671528071165,0.000666667,1,reachable,0.0063843331299722195,0.000224875,1,unknown,0.00851158401928842,0.003349458,1,reachable,0.005128249991685152,6.6584e-05,1,reachable,0.005219874903559685,5.6792e-05,1,reachable,0.31676170811988413,0.20422124862670898,1,unknown,0.006681291852146387,0.002165709,1,unknown,0.005939082941040397,6.3583e-05,1
e1_disjunct_0,False,8,6,unknown,0.10585395898669958,0.100157292,1,unknown,0.09280391689389944,0.087766458,1,unknown,0.004789582919329405,0.000273625,1,unknown,0.24605333409272134,0.235550916,1,unreachable,0.009242541855201125,0.001077,1,unreachable,0.010884584160521626,0.00501025,1,unknown,0.11287716589868069,0.104470708,1,unreachable,0.24808220914565027,0.13756203651428223,1,unknown,0.004807666875422001,0.000705125,1,unknown,0.004676291951909661,7.084e-06,1
e2_disjunct_0,False,16,15,unknown,0.24817804200574756,0.242233041,1,unknown,0.20505820913240314,0.199807708,1,unknown,0.009051375091075897,0.00411725,1,unknown,0.3575275840703398,0.352455083,1,unknown,0.022128332871943712,0.01168075,1,unknown,0.35569024994038045,0.35089725,1,unknown,0.27368716709315777,0.266352625,1,unknown,2.0899314580019563,2.0899314580019563,1,unknown,0.014483624836429954,0.009789583,1,unknown,0.005197833059355617,7.833e-06,1
e3_disjunct_0,True,25,35,unknown,0.728263583034277,0.711553917,1,unknown,0.34916949993930757,0.338523125,1,unreachable,0.025419499957934022,0.005266167,1,unknown,0.9579852919559926,0.950508792,1,unreachable,0.015183124924078584,0.007922917,1,unreachable,0.024757750099524856,0.01817475,1,unreachable,0.018386000068858266,0.013812917,1,unreachable,0.20420824992470443,0.10543584823608398,1,unreachable,0.030652667162939906,0.006855166,1,unknown,0.004989667097106576,9.166e-06,1
e3_disjunct_1,True,25,35,unknown,0.6178454591426998,0.609700416,1,unknown,0.2961995000950992,0.288750667,1,unreachable,0.008519707946106791,0.003075125,1,unknown,0.86076270788908,0.853865291,1,unreachable,0.012106542009860277,0.006456709,1,unreachable,0.01900908420793712,0.01320225,1,unreachable,0.022129917051643133,0.017079,1,unreachable,0.22501724981702864,0.11623907089233398,1,unreachable,0.0100705421064049,0.004771084,1,unknown,0.00551749998703599,2.0667e-05,1
e3_disjunct_2,False,25,35,unknown,0.6223339589778334,0.616429542,1,unknown,0.25753449997864664,0.251581625,1,unknown,0.019946958869695663,0.013456792,1,unknown,0.7628523749299347,0.755802166,1,unknown,0.06731533398851752,0.06234875,1,unknown,0.9765312077943236,0.968648208,1,unknown,0.6446883750613779,0.637856584,1,unknown,2.1412758748047054,2.1412758748047054,1,unknown,0.07086279196664691,0.064522792,1,unknown,0.0053871250711381435,9.333e-06,1
e4_disjunct_0,True,29,43,unknown,0.928579333005473,0.919580625,1,unknown,0.30264333402737975,0.294496625,1,unreachable,0.010828000027686357,0.004677542,1,unknown,1.0874639169778675,1.077290417,1,unreachable,0.02097649988718331,0.013497584,1,unreachable,0.020297624869272113,0.014777792,1,unreachable,0.022935874992981553,0.017500709,1,unreachable,0.18362675001844764,0.08386468887329102,1,unreachable,0.016443916130810976,0.007782334,1,unknown,0.007647624937817454,1.0041e-05,1
e4_disjunct_1,True,29,43,unknown,0.7261456248816103,0.719825541,1,unknown,0.2348481249064207,0.229574042,1,unreachable,0.009055540896952152,0.00416575,1,unknown,1.0157353749964386,1.008651958,1,unreachable,0.017871459014713764,0.012453291,1,unreachable,0.024781459011137486,0.017796708,1,unreachable,0.024796999990940094,0.018756667,1,unreachable,0.2214257090818137,0.10347867012023926,1,unreachable,0.01213225000537932,0.006889083,1,unknown,0.004240624839439988,9.75e-06,1
e4_disjunct_2,False,29,43,unknown,0.6721847078297287,0.665763666,1,unknown,0.3312536249868572,0.322365292,1,unknown,0.025129166897386312,0.018820208,1,unknown,1.0865953750908375,1.0789905,1,unknown,0.11371633317321539,0.108722084,1,unknown,1.0871454998850822,1.08077975,1,unknown,0.8594395408872515,0.852469541,1,unknown,2.1091052091214806,2.1091052091214806,1,unknown,0.1069646670948714,0.100526542,1,unknown,0.004477374954149127,9.291e-06,1
e7_disjunct_0,False,8,6,unknown,0.11082800012081861,0.103654667,1,unknown,0.11016870895400643,0.10347225,1,unknown,0.006882374873384833,0.00045025,1,unknown,0.25188291585072875,0.240774208,1,unreachable,0.00815804093144834,0.00054125,1,unreachable,0.013952457811683416,0.004281917,1,unknown,0.1141659589484334,0.1021625,1,unreachable,0.28485741605982184,0.14879918098449707,1,unknown,0.0065399170853197575,0.000669916,1,unknown,0.009446416050195694,1.1291e-05,1
f1_disjunct_0,True,1,0,unreachable,0.004676084034144878,1.0958e-05,1,unreachable,0.006107332883402705,1.0041e-05,1,unreachable,0.007183250039815903,3.6167e-05,1,unreachable,0.005241875071078539,1.1375e-05,1,unreachable,0.005277916789054871,6.5833e-05,1,unreachable,0.004661249928176403,1.0625e-05,1,unreachable,0.007045708131045103,1.1875e-05,1,unreachable,0.25072929193265736,0.12579894065856934,1,unreachable,0.005002583842724562,4.5917e-05,1,unknown,0.005539083853363991,7.916e-06,1
f2_disjunct_0,False,14,23,unknown,0.17706050002016127,0.170320542,1,reachable,0.004964916035532951,0.000322083,1,unknown,0.009396082954481244,0.003387375,1,unknown,0.3270012498833239,0.320073,1,unknown,0.01483187498524785,0.008910916,1,reachable,0.003890833118930459,0.000272916,1,reachable,0.004104250110685825,0.000269292,1,reachable,0.3807697498705238,0.2956857681274414,1,unknown,0.01461941609159112,0.008141208,1,unknown,0.004777250112965703,8.709e-06,1
f3_disjunct_0,False,17,16,unknown,0.232259624870494,0.223829875,1,reachable,0.005452875047922134,0.000274292,1,unknown,0.007411541882902384,0.002351791,1,unknown,0.4047152088023722,0.396969916,1,unknown,0.013753417180851102,0.008355,1,reachable,0.005072374828159809,0.000239083,1,reachable,0.006875667022541165,0.000509834,1,reachable,0.3400473748333752,0.23700809478759766,1,unknown,0.023245916003361344,0.007097125,1,unknown,0.005922832991927862,8.291e-06,1
f4_disjunct_0,True,5,4,unknown,0.11569037497974932,0.11056275,1,unknown,0.10319416597485542,0.09477925,1,unreachable,0.005360333016142249,8.2084e-05,1,unknown,0.19718825002200902,0.190839916,1,unreachable,0.005052292020991445,0.00055375,1,unreachable,0.00930733303539455,0.003404458,1,unreachable,0.010162499966099858,0.004275084,1,unreachable,0.20557212503626943,0.08248376846313477,1,unreachable,0.005397042026743293,0.000227083,1,unknown,0.004408916924148798,6.875e-06,1
f4_disjunct_1,True,5,4,unknown,0.08697333303280175,0.083218209,1,unknown,0.07756291585974395,0.073553875,1,unreachable,0.0032426249235868454,7e-05,1,unknown,0.17018295801244676,0.166526,1,unreachable,0.0036150000523775816,0.000259375,1,unreachable,0.008139166980981827,0.003349542,1,unreachable,0.010905666975304484,0.0048775,1,unreachable,0.1782361250370741,0.08751296997070312,1,unreachable,0.0035999168176203966,0.000194708,1,unknown,0.003080290975049138,5.833e-06,1
f4_disjunct_2,True,5,4,unknown,0.10731950006447732,0.100608958,1,unknown,0.10205762484110892,0.096242458,1,unreachable,0.0067877499386668205,0.00013875,1,unknown,0.21570958383381367,0.208960833,1,unreachable,0.008037625113502145,0.000342,1,unreachable,0.011286749970167875,0.004267584,1,unreachable,0.008339167106896639,0.003268333,1,unreachable,0.243883959017694,0.12092423439025879,1,unreachable,0.006450958084315062,0.0002025,1,unknown,0.005491291871294379,6.917e-06,1
f4_disjunct_3,True,5,4,unknown,0.11629029200412333,0.110240833,1,unknown,0.10150254098698497,0.094351542,1,unreachable,0.005998083157464862,0.000153542,1,unknown,0.20943720801733434,0.203512625,1,unreachable,0.006132457870990038,0.000299708,1,unreachable,0.008641374995931983,0.00343775,1,unreachable,0.009267917135730386,0.003722458,1,unreachable,0.23761991690844297,0.12226319313049316,1,unreachable,0.0051157919224351645,0.000262333,1,unknown,0.005423709051683545,7.292e-06,1
f4_disjunct_4,True,5,4,unknown,0.10632529202848673,0.101765584,1,unknown,0.09724508319050074,0.091141625,1,unreachable,0.004376792116090655,7.8292e-05,1,unknown,0.1547859578859061,0.15014175,1,unreachable,0.004447124898433685,0.000330291,1,unreachable,0.006364583037793636,0.003049209,1,unreachable,0.007049000123515725,0.003406083,1,unreachable,0.1793218341190368,0.09718966484069824,1,unreachable,0.004718582844361663,0.000229042,1,unknown,0.004141957964748144,7e-06,1
f5_disjunct_0,False,7,5,unknown,0.11319916695356369,0.108168042,1,unknown,0.10237212502397597,0.096515125,1,unreachable,0.0054250420071184635,0.000203541,1,unknown,0.19440887495875359,0.188019333,1,unreachable,0.006450667046010494,0.001080083,1,unreachable,0.010737249860540032,0.00391225,1,unreachable,0.008480709046125412,0.003816875,1,unreachable,0.22041000006720424,0.10930204391479492,1,unreachable,0.006104582920670509,0.000662458,1,unknown,0.004636749858036637,7.583e-06,1
f5_disjunct_1,False,10,10,unknown,0.23851575003936887,0.232890125,1,unknown,0.14171850006096065,0.135208834,1,unreachable,0.006098416866734624,0.000727209,1,unknown,0.34220637497492135,0.336186375,1,unreachable,0.009616709081456065,0.004579542,1,unreachable,0.011419709073379636,0.006659583,1,unreachable,0.013290375005453825,0.006342084,1,unreachable,0.2472928750794381,0.1284317970275879,1,unreachable,0.008819290902465582,0.003137291,1,unknown,0.005044582998380065,1.7333e-05,1
f5_disjunct_10,False,10,10,unknown,0.09831312508322299,0.09378675,1,unknown,0.12924220808781683,0.123836417,1,unreachable,0.004086375003680587,0.000288875,1,unknown,0.18826937512494624,0.183604834,1,unreachable,0.006550458027049899,0.002965375,1,unreachable,0.007164750015363097,0.003674,1,unreachable,0.00838804105296731,0.005034041,1,unreachable,0.1703139590099454,0.09854698181152344,1,unreachable,0.005650624865666032,0.001970375,1,unknown,0.003665749914944172,1.5542e-05,1
f5_disjunct_11,False,10,10,unknown,0.11974020907655358,0.113758958,1,unknown,0.11736333300359547,0.11256275,1,unreachable,0.006356042111292481,0.000317,1,unknown,0.24047766579315066,0.232015042,1,unreachable,0.01020566700026393,0.003415292,1,unreachable,0.009132291888818145,0.004385375,1,unreachable,0.010822749929502606,0.005945125,1,unreachable,0.19480966590344906,0.09760785102844238,1,unreachable,0.007043624995276332,0.001960666,1,unknown,0.005014208145439625,6.833e-06,1
f5_disjunct_12,False,10,10,unknown,0.11952220788225532,0.113256458,1,unknown,0.1376928749959916,0.130703125,1,unreachable,0.006788166938349605,0.000337875,1,unknown,0.24110729107633233,0.234229958,1,unreachable,0.009748084004968405,0.004500125,1,unreachable,0.009353625122457743,0.004604333,1,unreachable,0.01172654191032052,0.006726292,1,unreachable,0.28860970912501216,0.17995095252990723,1,unreachable,0.007407375145703554,0.002623,1,unknown,0.004888332914561033,9.875e-06,1
f5_disjunct_13,False,8,7,unknown,0.17704554204829037,0.172054042,1,unknown,0.10785733279772103,0.101089542,1,unreachable,0.006191832944750786,0.000189584,1,unknown,0.26070874999277294,0.254152,1,unreachable,0.007753166137263179,0.001496334,1,unreachable,0.009840250015258789,0.00472225,1,unreachable,0.01430870802141726,0.007369083,1,unreachable,0.23775370814837515,0.12202310562133789,1,unreachable,0.007052416913211346,0.001155584,1,unknown,0.007572124944999814,7e-06,1
f5_disjunct_14,False,10,10,unknown,0.12595374998636544,0.120047917,1,unknown,0.14991250005550683,0.143178417,1,unreachable,0.006770249921828508,0.000746042,1,unknown,0.27111645811237395,0.262746167,1,unreachable,0.008525874931365252,0.0031225,1,unreachable,0.011332290945574641,0.004090625,1,unreachable,0.013831374933943152,0.006326583,1,unreachable,0.29096141597256064,0.1462702751159668,1,unreachable,0.00980175007134676,0.003959458,1,unknown,0.007895374903455377,7.709e-06,1
f5_disjunct_15,False,10,10,unknown,0.2506279998924583,0.244037166,1,unknown,0.15287587512284517,0.14452975,1,unreachable,0.0058929999358952045,0.000343917,1,unknown,0.2695138331037015,0.264388625,1,unreachable,0.008248124970123172,0.003112292,1,unreachable,0.008307167096063495,0.004481542,1,unreachable,0.010225249920040369,0.005996291,1,unreachable,0.203855250030756,0.11658596992492676,1,unreachable,0.009006083011627197,0.002475708,1,unknown,0.00458441604860127,7.542e-06,1
f5_disjunct_16,False,10,10,unknown,0.2117712921462953,0.20489375,1,unknown,0.1524873748421669,0.146515167,1,unreachable,0.005671791033819318,0.000264833,1,unknown,0.3434858750551939,0.338313958,1,unreachable,0.007958458038046956,0.002811416,1,unreachable,0.01041554193943739,0.005073583,1,unreachable,0.012600083136931062,0.006514792,1,unreachable,0.2157802500296384,0.10993313789367676,1,unreachable,0.0073408340103924274,0.002011542,1,unknown,0.004498332971706986,7.792e-06,1
f5_disjunct_17,False,8,7,unknown,0.12331895786337554,0.117347084,1,unknown,0.11482562497258186,0.1079625,1,unreachable,0.0048454999923706055,0.000181125,1,unknown,0.17341370903886855,0.1668695,1,unreachable,0.005645916098728776,0.001304667,1,unreachable,0.0069949578028172255,0.003471208,1,unreachable,0.008084625005722046,0.004567917,1,unreachable,0.1663695420138538,0.08159518241882324,1,unreachable,0.0063681669998914,0.001204708,1,unknown,0.004984915954992175,7.916e-06,1
f5_disjunct_18,False,8,7,unknown,0.10922962496988475,0.103140792,1,unknown,0.11347483308054507,0.108106125,1,unreachable,0.004840207984670997,0.0001605,1,unknown,0.21636916603893042,0.211021167,1,unreachable,0.006046083057299256,0.001216417,1,unreachable,0.012802500044927001,0.006068542,1,unreachable,0.01022683409973979,0.0042555,1,unreachable,0.23368370905518532,0.11025476455688477,1,unreachable,0.005192749900743365,0.000922291,1,unknown,0.004564082948490977,7.333e-06,1
f5_disjunct_19,False,10,10,unknown,0.21461120806634426,0.208273166,1,unknown,0.1350127498153597,0.129480959,1,unreachable,0.006262166192755103,0.000315041,1,unknown,0.3187247081659734,0.312789833,1,unreachable,0.010827790945768356,0.004614208,1,unreachable,0.009145584190264344,0.005056625,1,unreachable,0.009988582925871015,0.006292625,1,unreachable,0.17636387492530048,0.08743882179260254,1,unreachable,0.008588333148509264,0.0026185,1,unknown,0.004769874969497323,8.334e-06,1
f5_disjunct_2,False,7,5,unknown,0.11187024996615946,0.105100042,1,unknown,0.10484437504783273,0.099801166,1,unreachable,0.004413000075146556,0.000119125,1,unknown,0.1799286250025034,0.17537925,1,unreachable,0.006320958025753498,0.001643292,1,unreachable,0.008318499894812703,0.00399475,1,unreachable,0.00907520903274417,0.004801875,1,unreachable,0.21068899985402822,0.11060190200805664,1,unreachable,0.004736208124086261,0.000610334,1,unknown,0.004330249968916178,7.208e-06,1
f5_disjunct_20,False,10,10,unknown,0.21512354211881757,0.209662458,1,unknown,0.13633545814082026,0.129712292,1,unreachable,0.0046607081312686205,0.000284584,1,unknown,0.27129516704007983,0.266413042,1,unreachable,0.007128415862098336,0.002693542,1,unreachable,0.008479333017021418,0.004151708,1,unreachable,0.009024833096191287,0.005551583,1,unreachable,0.15650004101917148,0.08051395416259766,1,unreachable,0.010094417026266456,0.002724125,1,unknown,0.003823417006060481,7.25e-06,1
f5_disjunct_3,False,10,10,unknown,0.19399175001308322,0.188959666,1,unknown,0.12319820816628635,0.117865792,1,unreachable,0.0047606248408555984,0.000296709,1,unknown,0.25867524999193847,0.253465417,1,unreachable,0.006862416863441467,0.0027605,1,unreachable,0.008774915942922235,0.004060917,1,unreachable,0.012259458191692829,0.006164375,1,unreachable,0.20416054199449718,0.10354995727539062,1,unreachable,0.00979041587561369,0.002016042,1,unknown,0.004838958149775863,9.208e-06,1
f5_disjunct_4,False,10,10,unknown,0.13113008392974734,0.125547167,1,unknown,0.1465579578652978,0.138699584,1,unreachable,0.0036433329805731773,0.000264167,1,unknown,0.21524029201827943,0.211005375,1,unreachable,0.005719542037695646,0.002172166,1,unreachable,0.008133125025779009,0.003909458,1,unreachable,0.009754125028848648,0.00524625,1,unreachable,0.1962578750681132,0.10018587112426758,1,unreachable,0.00557083310559392,0.001782041,1,unknown,0.0033335420303046703,8.167e-06,1
f5_disjunct_5,False,10,10,unknown,0.1251852079294622,0.119062333,1,unknown,0.1522665829397738,0.146025917,1,unreachable,0.006027541821822524,0.000317917,1,unknown,0.24744387483224273,0.241057709,1,unreachable,0.008601374924182892,0.003149416,1,unreachable,0.010367958107963204,0.004454958,1,unreachable,0.010922875022515655,0.006240083,1,unreachable,0.23021308286115527,0.12066102027893066,1,unreachable,0.006973749957978725,0.00233825,1,unknown,0.0063714999705553055,7.5e-06,1
f5_disjunct_6,False,5,3,unknown,0.10987408412620425,0.102719792,1,unknown,0.08020500000566244,0.074575125,1,unreachable,0.006233708001673222,8.9416e-05,1,unknown,1.8869438748806715,1.882259875,1,unreachable,0.005322874989360571,0.000621,1,unreachable,0.008438625140115619,0.002516459,1,unreachable,0.010217209113761783,0.002560959,1,unreachable,0.2367437919601798,0.12236595153808594,1,unreachable,0.005982167087495327,0.000345792,1,unknown,0.0048857079818844795,7.166e-06,1
f5_disjunct_7,False,7,5,unknown,0.14606133312918246,0.13681375,1,unknown,0.150391791947186,0.141498541,1,unreachable,0.007261042017489672,0.00013025,1,unknown,0.24328858288936317,0.232660208,1,unreachable,0.012109542032703757,0.001898958,1,unreachable,0.016578583978116512,0.006556959,1,unreachable,0.012369540985673666,0.004907916,1,unreachable,0.22887300001457334,0.09518098831176758,1,unreachable,0.008913040859624743,0.000879709,1,unknown,0.007627333980053663,7.583e-06,1
f5_disjunct_8,False,7,5,unknown,0.16182483290322125,0.154518167,1,unknown,0.12237416720017791,0.115595,1,unreachable,0.006456209113821387,0.000199916,1,unknown,0.19820629199966788,0.18867925,1,unreachable,0.008187041152268648,0.000752583,1,unreachable,0.010070250136777759,0.004180791,1,unreachable,0.01372537505812943,0.006216875,1,unreachable,0.30891054100356996,0.19048404693603516,1,unreachable,0.009956750087440014,0.001057375,1,unknown,0.0055454999674111605,7.959e-06,1
f5_disjunct_9,False,8,7,unknown,0.18714783294126391,0.179810166,1,unknown,0.17373537505045533,0.159284625,1,unreachable,0.007582665886729956,0.000193208,1,unknown,0.27540604188106954,0.26762025,1,unreachable,0.008652874967083335,0.002073042,1,unreachable,0.008848208002746105,0.00384,1,unreachable,0.00980345904827118,0.004599542,1,unreachable,0.25964408414438367,0.14460110664367676,1,unreachable,0.008370500057935715,0.001566333,1,unknown,0.006394458934664726,7.916e-06,1
f6_disjunct_0,False,9,11,reachable,0.00731570809148252,9.1583e-05,1,reachable,0.009732790989801288,8.9709e-05,1,unknown,0.008685999782755971,0.001567458,1,reachable,0.009353332919999957,0.001453792,1,unknown,0.0149017081130296,0.005167083,1,reachable,0.005557375028729439,8.1291e-05,1,reachable,0.00606558402068913,0.000100375,1,reachable,0.43869774998165667,0.28760790824890137,1,unknown,0.009727416792884469,0.001843625,1,unknown,0.005722208181396127,8.292e-06,1
f7_disjunct_0,False,8,9,unknown,0.10627158312126994,0.1005825,1,reachable,0.006324875168502331,8.45e-05,1,unknown,0.00520200002938509,0.000423917,1,unknown,0.22454999992623925,0.216291334,1,unknown,0.006341916974633932,0.001051,1,reachable,0.006639000028371811,7.1333e-05,1,reachable,0.006015165941789746,7.0542e-05,1,reachable,0.2965197500307113,0.18812918663024902,1,unknown,0.00667570810765028,0.001529792,1,unknown,0.006852500140666962,7.875e-06,1
f8_disjunct_0,True,1,0,unreachable,0.012939334148541093,1.9375e-05,1,unreachable,0.00869979104027152,1.6e-05,1,unreachable,0.006668250076472759,2.8709e-05,1,unreachable,0.007507041795179248,1.2334e-05,1,unreachable,0.007247708970680833,0.00022875,1,unreachable,0.004437124822288752,1.6209e-05,1,unreachable,0.006345291854813695,1.1875e-05,1,unreachable,0.22752116713672876,0.10849189758300781,1,unreachable,0.006839416921138763,4.2166e-05,1,unknown,0.007066333899274468,1.2e-05,1
f8_disjunct_1,False,9,11,unknown,0.09410700015723705,0.08923775,1,reachable,0.005107291042804718,0.000227084,1,unknown,0.0052022498566657305,0.000662417,1,unknown,0.22667608293704689,0.221523125,1,unknown,0.006316124927252531,0.001877041,1,reachable,0.0038567499723285437,6.1084e-05,1,reachable,0.004321415908634663,0.000175125,1,reachable,0.24257100000977516,0.15611028671264648,1,unknown,0.0052109998650848866,0.001714459,1,unknown,0.004276416962966323,3.525e-05,1
g1_disjunct_0,False,56,103,unknown,1.599470749963075,1.591924125,1,unknown,0.4208149581681937,0.414045625,1,unknown,0.22818583296611905,0.222649667,1,unknown,2.0391573330853134,2.028669458,1,unknown,1.0712192091159523,1.063992667,1,unknown,2.0302065410651267,2.020809625,1,unknown,2.0360952499322593,2.027033,1,unknown,2.114190749824047,2.114190749824047,1,unknown,0.6741986670531332,0.668288416,1,unknown,0.00466258404776454,2.1291e-05,1
g2_disjunct_0,True,37,48,unknown,0.6710810831282288,0.666200542,1,unknown,0.24944112496450543,0.243330875,1,unreachable,0.008466833038255572,0.003593167,1,unknown,0.8938437919132411,0.88710175,1,unreachable,0.01682737492956221,0.012721834,1,unreachable,0.018543042009696364,0.01329575,1,unreachable,0.021066957851871848,0.015954583,1,unreachable,0.16488395910710096,0.08056807518005371,1,unreachable,0.011094457935541868,0.006841542,1,unknown,0.004118375014513731,1.1333e-05,1
g2_disjunct_1,False,37,48,unknown,0.6917643749620765,0.686503167,1,unknown,0.2607719998341054,0.254267916,1,unknown,0.02441845810972154,0.019968542,1,unknown,0.901234291959554,0.89530675,1,unknown,0.13675229088403285,0.131471792,1,unknown,1.0046221669763327,0.998104958,1,unknown,0.7841375418938696,0.779107958,1,unknown,2.1224812499713153,2.1224812499713153,1,unknown,0.09093816694803536,0.086678542,1,unknown,0.0049165000673383474,1.275e-05,1
g3_disjunct_0,True,39,55,unknown,1.2001494159922004,1.19211125,1,unknown,0.359942790819332,0.352465083,1,unreachable,0.01488912501372397,0.008502041,1,unknown,1.551667292136699,1.54380175,1,unreachable,0.02701145806349814,0.020852458,1,unreachable,0.029402000131085515,0.023401542,1,unreachable,0.0364287500269711,0.029288833,1,unreachable,0.2579706250689924,0.14713525772094727,1,unreachable,0.024375541834160686,0.016397875,1,unknown,0.004537958884611726,1.1709e-05,1
g3_disjunct_1,False,39,55,unknown,1.122120042098686,1.116154166,1,unknown,0.4144341249484569,0.406081584,1,unknown,0.034611333161592484,0.030208458,1,unknown,1.2786169999744743,1.272821833,1,unknown,0.1819039999973029,0.177089209,1,unknown,1.448033334221691,1.442115,1,unknown,1.125180209055543,1.119488042,1,unknown,2.069560999982059,2.069560999982059,1,unknown,0.18018024996854365,0.17537525,1,unknown,0.0037633751053363085,1.05e-05,1
g4_disjunct_0,False,30,49,unknown,0.4054113340098411,0.400642458,1,reachable,0.0062030828557908535,0.002346667,1,unknown,0.019446791848167777,0.015727417,1,unknown,0.6165903341025114,0.61119025,1,unknown,0.07717725005932152,0.073377667,1,reachable,0.006510542007163167,0.002270583,1,reachable,0.006052458193153143,0.002255708,1,reachable,1.6887666250113398,1.618844985961914,1,unknown,0.07234150008298457,0.068186916,1,unknown,0.0035233329981565475,8.292e-06,1
g5_disjunct_0,True,16,17,unknown,0.16393383289687335,0.159286333,1,unknown,0.12834050017409027,0.1244065,1,unreachable,0.0039765420369803905,0.000325667,1,unknown,0.2545544998720288,0.25060225,1,unreachable,0.00447741593234241,0.00116725,1,unreachable,0.008179917000234127,0.004399792,1,unreachable,0.008513916982337832,0.004942583,1,unreachable,0.13752199988812208,0.06689000129699707,1,unreachable,0.00465504196472466,0.000838791,1,unknown,0.0033433749340474606,6.292e-06,1
g5_disjunct_1,True,16,17,unknown,0.15918991691432893,0.15530325,1,unknown,0.12582366610877216,0.121661333,1,unreachable,0.003877999959513545,0.000338833,1,unknown,0.2578947909642011,0.25403975,1,unreachable,0.004389457870274782,0.001179708,1,unreachable,0.00815299991518259,0.004558833,1,unreachable,0.009218625025823712,0.005271542,1,unreachable,0.14015137497335672,0.06781697273254395,1,unreachable,0.0046501250471919775,0.000838208,1,unknown,0.0035291670355945826,6.958e-06,1
g5_disjunct_2,True,1,0,unreachable,0.003288417123258114,9.791e-06,1,unreachable,0.0038007500115782022,9.5e-06,1,unreachable,0.0032720419112592936,3.4125e-05,1,unreachable,0.003180416999384761,8.167e-06,1,unreachable,0.002824333030730486,9.4167e-05,1,unreachable,0.003444541012868285,1.075e-05,1,unreachable,0.003229874884709716,1.3666e-05,1,unreachable,0.13478983286768198,0.06593203544616699,1,unreachable,0.0035073328763246536,7.4333e-05,1,unknown,0.0033191670663654804,5.75e-06,1
g5_disjunct_3,True,1,0,unreachable,0.0033777919597923756,1.025e-05,1,unreachable,0.00346858287230134,8.833e-06,1,unreachable,0.0031940420158207417,2.975e-05,1,unreachable,0.0032335829455405474,9.667e-06,1,unreachable,0.003349625039845705,0.00010975,1,unreachable,0.0028141250368207693,8.792e-06,1,unreachable,0.0028890841640532017,8.167e-06,1,unreachable,0.1375466249883175,0.06741666793823242,1,unreachable,0.0033413751516491175,7.3666e-05,1,unknown,0.003275125054642558,5.125e-06,1
g5_disjunct_4,True,1,0,unreachable,0.0035380420740693808,9.833e-06,1,unreachable,0.003597499802708626,9.042e-06,1,unreachable,0.00357158319093287,3.2542e-05,1,unreachable,0.003405708121135831,8.625e-06,1,unreachable,0.0035988749004900455,0.000105666,1,unreachable,0.00318116694688797,8.417e-06,1,unreachable,0.0035007500555366278,8.334e-06,1,unreachable,0.1322719999589026,0.06462717056274414,1,unreachable,0.0033477921970188618,7.7375e-05,1,unknown,0.003553916933014989,6.084e-06,1
g5_disjunct_5,False,16,17,unknown,0.16531866579316556,0.161040666,1,unknown,0.12670462508685887,0.122494084,1,unreachable,0.004154624883085489,0.000562,1,unknown,0.2597041670233011,0.255341625,1,unreachable,0.010725708911195397,0.00694525,1,unreachable,0.008610292105004191,0.004837916,1,unreachable,0.014082625042647123,0.01038025,1,unreachable,0.13852824992500246,0.06687307357788086,1,unreachable,0.009642082965001464,0.00616075,1,unknown,0.0034939998295158148,7.167e-06,1
g6_disjunct_0,True,1,0,unreachable,0.0030295001342892647,8.167e-06,1,unreachable,0.003633208107203245,9.041e-06,1,unreachable,0.0034340000711381435,3.2542e-05,1,unreachable,0.003232666989788413,8.959e-06,1,unreachable,0.0036015408113598824,8.575e-05,1,unreachable,0.0030996249988675117,8.333e-06,1,unreachable,0.003375791944563389,9.292e-06,1,unreachable,0.13626066711731255,0.0658109188079834,1,unreachable,0.002831290941685438,5.7083e-05,1,unknown,0.0033300830982625484,5.875e-06,1
g6_disjunct_1,True,1,0,unreachable,0.0034541659988462925,1.1625e-05,1,unreachable,0.003364040981978178,9.875e-06,1,unreachable,0.0026030410081148148,2.7125e-05,1,unreachable,0.003347584046423435,8.958e-06,1,unreachable,0.0033039171248674393,8.5792e-05,1,unreachable,0.0034953749272972345,1.0209e-05,1,unreachable,0.003506207838654518,9.791e-06,1,unreachable,0.13353858306072652,0.06541204452514648,1,unreachable,0.00325504201464355,5.95e-05,1,unknown,0.0032154591754078865,5.583e-06,1
g6_disjunct_10,False,17,18,unknown,0.16443012515082955,0.160130625,1,unknown,0.12272349977865815,0.118541417,1,unreachable,0.004097040975466371,0.000624042,1,unknown,0.3220719590317458,0.317605,1,unreachable,0.011692084139212966,0.00816025,1,unreachable,0.00893208384513855,0.004990291,1,unreachable,0.01465837494470179,0.010790917,1,unreachable,0.13354158285073936,0.06595301628112793,1,unreachable,0.010216915979981422,0.006452625,1,unknown,0.003907333128154278,7.083e-06,1
g6_disjunct_11,False,17,18,unknown,0.1582769169472158,0.144981125,1,unknown,0.12300762487575412,0.118580959,1,unreachable,0.004594333935528994,0.000668625,1,unknown,0.29856900009326637,0.294584792,1,unreachable,0.012999624945223331,0.009399375,1,unreachable,0.01946541597135365,0.010318292,1,unreachable,0.0194857909809798,0.012993583,1,unreachable,0.14270145911723375,0.06934309005737305,1,unreachable,0.010749875102192163,0.006799958,1,unknown,0.003318249946460128,6.5e-06,1
g6_disjunct_12,False,15,16,unknown,0.14944566693156958,0.145199875,1,unknown,0.11828916613012552,0.114174125,1,unreachable,0.0043412919621914625,0.000515792,1,unknown,0.27609520801343024,0.27162425,1,unreachable,0.010567791992798448,0.006545541,1,unreachable,0.009808042086660862,0.005730208,1,unreachable,0.014132707845419645,0.010453167,1,unreachable,0.14849987509660423,0.07664680480957031,1,unreachable,0.009089499944821,0.005416417,1,unknown,0.0037504578940570354,6.875e-06,1
g6_disjunct_13,False,19,20,unknown,0.17503724992275238,0.170752833,1,unknown,0.12825799989514053,0.123106791,1,unreachable,0.0037346670869737864,0.000742084,1,unknown,0.3426190000027418,0.338369542,1,unreachable,0.013004083186388016,0.009402459,1,unreachable,0.009228042094036937,0.005599375,1,unreachable,0.015801458852365613,0.01245175,1,unreachable,0.1370455001015216,0.06869196891784668,1,unreachable,0.01117541710846126,0.007864125,1,unknown,0.0034242081455886364,8.125e-06,1
g6_disjunct_14,False,17,17,unknown,0.1470151669345796,0.1429495,1,unknown,0.11409087502397597,0.109743,1,unreachable,0.004529791884124279,0.000572959,1,unknown,0.2994488328695297,0.295249208,1,unreachable,0.010583875002339482,0.007176125,1,unreachable,0.008670250186696649,0.004791625,1,unreachable,0.014000375056639314,0.010394917,1,unreachable,0.1373113750014454,0.06811904907226562,1,unreachable,0.010127166053280234,0.0060075,1,unknown,0.0035351659171283245,6.625e-06,1
g6_disjunct_15,True,5,3,unknown,0.07681587501429021,0.073182542,1,unknown,0.05137679190374911,0.047856875,1,unreachable,0.003149874974042177,5.7958e-05,1,unknown,1.3254419579170644,1.321362208,1,unreachable,0.003533917013555765,0.000205875,1,unreachable,0.0057013751938939095,0.0020645,1,unreachable,0.006032583070918918,0.002111,1,unreachable,0.13415641686879098,0.06579780578613281,1,unreachable,0.0038752909749746323,0.000156708,1,unknown,0.0034500418696552515,9.333e-06,1
g6_disjunct_16,True,5,3,unknown,0.07762137497775257,0.073584041,1,unknown,0.051592541858553886,0.047995917,1,unreachable,0.005986749893054366,6.125e-05,1,unknown,1.3372974160593003,1.333606959,1,unreachable,0.0045183750335127115,0.000376166,1,unreachable,0.005813375115394592,0.00202675,1,unreachable,0.005768166854977608,0.002092458,1,unreachable,0.13462033309042454,0.06742119789123535,1,unreachable,0.0033109590876847506,0.000147708,1,unknown,0.0032202498987317085,5.708e-06,1
g6_disjunct_17,True,5,3,unknown,0.10569945885799825,0.101842167,1,unknown,0.05019591702148318,0.046081209,1,unreachable,0.003204749897122383,5.9916e-05,1,unknown,1.2972992500290275,1.294015709,1,unreachable,0.003449999960139394,0.000287416,1,unreachable,0.0051701669581234455,0.00202525,1,unreachable,0.005334750050678849,0.00208625,1,unreachable,0.13290670793503523,0.0654447078704834,1,unreachable,0.0033985418267548084,0.000147083,1,unknown,0.0028205839917063713,8.334e-06,1
g6_disjunct_18,False,19,20,unknown,0.1728819168638438,0.168868083,1,unknown,0.12579587497748435,0.121267959,1,unreachable,0.003951583988964558,0.000749709,1,unknown,0.338735583005473,0.334138708,1,unreachable,0.013040208024904132,0.009732125,1,unreachable,0.009377541951835155,0.005563,1,unreachable,0.01642141700722277,0.012628625,1,unreachable,0.1358005420770496,0.06716394424438477,1,unreachable,0.011627542087808251,0.008154875,1,unknown,0.0035208340268582106,9.5e-06,1
g6_disjunct_19,False,19,20,unknown,0.17588308290578425,0.171942083,1,unknown,0.12021537497639656,0.116311875,1,unreachable,0.00417358404956758,0.000744083,1,unknown,0.3335767921525985,0.329580959,1,unreachable,0.012885792180895805,0.009595084,1,unreachable,0.009158957982435822,0.005314792,1,unreachable,0.015649749897420406,0.012036041,1,unreachable,0.1401967080309987,0.07168698310852051,1,unreachable,0.010670916875824332,0.007535875,1,unknown,0.0034362501464784145,9.083e-06,1
g6_disjunct_2,True,1,0,unreachable,0.0027019171975553036,7.709e-06,1,unreachable,0.003568624844774604,1.0833e-05,1,unreachable,0.00279195886105299,2.9833e-05,1,unreachable,0.0030722080264240503,8.125e-06,1,unreachable,0.0029517910443246365,8.6e-05,1,unreachable,0.0027847089804708958,7.792e-06,1,unreachable,0.0032028749119490385,8.917e-06,1,unreachable,0.13662558398209512,0.06744003295898438,1,unreachable,0.003453125013038516,6.2791e-05,1,unknown,0.003111999947577715,1.6333e-05,1
g6_disjunct_20,True,10,7,unknown,0.10646316688507795,0.102396333,1,unknown,0.0892493340652436,0.084707083,1,unreachable,0.0031632499303668737,0.000112583,1,unknown,0.20196608291007578,0.198287042,1,unreachable,0.003537791781127453,0.000433833,1,unreachable,0.006829167017713189,0.003370333,1,unreachable,0.00703912484459579,0.003568291,1,unreachable,0.1300252911169082,0.06298398971557617,1,unreachable,0.004027457907795906,0.000318834,1,unknown,0.0027375000063329935,5.166e-06,1
g6_disjunct_21,True,10,7,unknown,0.10359329101629555,0.099938,1,unknown,0.08173741609789431,0.077856167,1,unreachable,0.002992957830429077,0.000111041,1,unknown,0.19807316618971527,0.194357292,1,unreachable,0.003681458067148924,0.000439166,1,unreachable,0.0075096250511705875,0.003462875,1,unreachable,0.007739708060398698,0.003707417,1,unreachable,0.12900137505494058,0.0628509521484375,1,unreachable,0.0036605410277843475,0.000327667,1,unknown,0.002839708933606744,1.0209e-05,1
g6_disjunct_22,False,22,24,unknown,0.19283125014044344,0.188539708,1,unknown,0.13236075011081994,0.127942542,1,unreachable,0.004740624921396375,0.001328375,1,unknown,0.37893216614611447,0.374979167,1,unreachable,0.019070290960371494,0.015710708,1,unreachable,0.010009624995291233,0.006069625,1,unreachable,0.020683374954387546,0.016768375,1,unreachable,0.1354693330358714,0.06604909896850586,1,unreachable,0.015361916972324252,0.011556208,1,unknown,0.003662500064820051,6.875e-06,1
g6_disjunct_23,False,20,22,unknown,0.16280695889145136,0.159039208,1,reachable,0.0033621250186115503,5.8e-05,1,unknown,0.005852875066921115,0.00259925,1,reachable,0.12733041704632342,0.12369325,1,unknown,0.014608083060011268,0.011348125,1,reachable,0.0032554578501731157,5.6208e-05,1,reachable,0.003536415984854102,6.3291e-05,1,reachable,0.17899070889689028,0.10670995712280273,1,unknown,0.012976542115211487,0.009466042,1,unknown,0.0031763329170644283,6.833e-06,1
g6_disjunct_3,False,15,15,unknown,0.14091537497006357,0.137149667,1,unknown,0.10534849995747209,0.101226834,1,unreachable,0.004215833963826299,0.000456542,1,unknown,0.26973070786334574,0.265692417,1,unreachable,0.009277333039790392,0.005870875,1,unreachable,0.007860749959945679,0.004666458,1,unreachable,0.012488042004406452,0.008841667,1,unreachable,0.13159570889547467,0.06411290168762207,1,unreachable,0.008627084083855152,0.004745542,1,unknown,0.003693541046231985,7.875e-06,1
g6_disjunct_4,True,10,10,unknown,0.11164875002577901,0.10778325,1,unknown,0.06743037491105497,0.063751792,1,unreachable,0.00309495790861547,0.000144292,1,unknown,2.013645082945004,2.009767458,1,unreachable,0.003990209195762873,0.000580541,1,unreachable,0.006398999830707908,0.0028795,1,unreachable,0.006513958098366857,0.003134084,1,unreachable,0.12923720804974437,0.06381607055664062,1,unreachable,0.004273875150829554,0.0003855,1,unknown,0.003360417205840349,6.25e-06,1
g6_disjunct_5,False,10,10,unknown,0.11325187515467405,0.109380834,1,unknown,0.06608445895835757,0.062049,1,unreachable,0.0035922080278396606,0.000265834,1,unknown,2.0139877079054713,2.009875667,1,unreachable,0.006759250070899725,0.002852625,1,unreachable,0.0068909169640392065,0.003118291,1,unreachable,0.009105792036280036,0.005183875,1,unreachable,0.12933350005187094,0.06497907638549805,1,unreachable,0.005979415960609913,0.002523792,1,unknown,0.00336433295160532,5.75e-06,1
g6_disjunct_6,False,15,15,unknown,0.14769095787778497,0.143543875,1,unknown,0.10110833286307752,0.097067875,1,unreachable,0.003642250085249543,0.000489125,1,unknown,0.26922441693022847,0.265706917,1,unreachable,0.00912108295597136,0.005842333,1,unreachable,0.008601499954238534,0.004885375,1,unreachable,0.012626791838556528,0.009011416,1,unreachable,0.1359412909951061,0.06704211235046387,1,unreachable,0.008369750110432506,0.004797834,1,unknown,0.0035569581668823957,6.834e-06,1
g6_disjunct_7,False,15,15,unknown,0.15284404205158353,0.14070525,1,unknown,0.1071685419883579,0.103305917,1,unreachable,0.004242375027388334,0.000508625,1,unknown,0.27253766590729356,0.268213042,1,unreachable,0.010014167055487633,0.006068125,1,unreachable,0.008283583912998438,0.004716458,1,unreachable,0.013340041041374207,0.009322166,1,unreachable,0.1331322081387043,0.066986083984375,1,unreachable,0.008905583061277866,0.005132584,1,unknown,0.0038476670160889626,6.792e-06,1
g6_disjunct_8,False,17,18,unknown,0.15805749990977347,0.153477,1,unknown,0.11574333300814033,0.11163425,1,unreachable,0.004272000165656209,0.000633875,1,unknown,0.36287870816886425,0.3573915,1,unreachable,0.011760833906009793,0.00789025,1,unreachable,0.009492082986980677,0.005464334,1,unreachable,0.015441250056028366,0.011220583,1,unreachable,0.1564592500217259,0.07982683181762695,1,unreachable,0.011022499995306134,0.006562708,1,unknown,0.004680083133280277,7.833e-06,1
g6_disjunct_9,True,1,0,unreachable,0.003500541904941201,2.0041e-05,1,unreachable,0.0035305419005453587,9.792e-06,1,unreachable,0.003891790984198451,3.6458e-05,1,unreachable,0.0035485001280903816,8.792e-06,1,unreachable,0.003904875135049224,8.7958e-05,1,unreachable,0.0034788339398801327,9.166e-06,1,unreachable,0.003798249876126647,1.0667e-05,1,unreachable,0.14824366616085172,0.07478189468383789,1,unreachable,0.0037478329613804817,6.3583e-05,1,unknown,0.004054625052958727,7.792e-06,1
g7_disjunct_0,True,1,0,unreachable,0.0038088341243565083,9.5e-06,1,unreachable,0.0039017079398036003,9.458e-06,1,unreachable,0.0037494590505957603,2.975e-05,1,unreachable,0.0038807920645922422,9.375e-06,1,unreachable,0.003868208033964038,7.8083e-05,1,unreachable,0.003464791923761368,9.917e-06,1,unreachable,0.00374850002117455,1.0667e-05,1,unreachable,0.14489629189483821,0.07143878936767578,1,unreachable,0.003805540967732668,5.3167e-05,1,unknown,0.0037357909604907036,6.042e-06,1
g7_disjunct_1,True,1,0,unreachable,0.0038121668621897697,1.0375e-05,1,unreachable,0.0038791249971836805,1e-05,1,unreachable,0.0035438749473541975,2.8166e-05,1,unreachable,0.003996749874204397,9.209e-06,1,unreachable,0.0038709579966962337,7.5042e-05,1,unreachable,0.00420599989593029,1.1792e-05,1,unreachable,0.0037384999450296164,9.875e-06,1,unreachable,0.16089762491174042,0.07194685935974121,1,unreachable,0.003912499872967601,6.0834e-05,1,unknown,0.0036715830210596323,5.958e-06,1
g7_disjunct_10,False,13,9,unknown,0.12088712491095066,0.1159235,1,unknown,0.10620754188857973,0.101624833,1,unreachable,0.00496504083275795,0.000226583,1,unknown,0.23724537482485175,0.232743,1,unreachable,0.006565749878063798,0.002366042,1,unreachable,0.014291667146608233,0.004112667,1,unreachable,0.010235041845589876,0.005691459,1,unreachable,0.1589814170729369,0.07816600799560547,1,unreachable,0.00585337495431304,0.001887833,1,unknown,0.003806874854490161,6.25e-06,1
g7_disjunct_11,True,5,3,unknown,0.08124166703782976,0.077160959,1,unknown,0.055431917076930404,0.051123208,1,unreachable,0.003863207995891571,5.5916e-05,1,unknown,1.3287976251449436,1.32476625,1,unreachable,0.0037065830547362566,0.000188916,1,unreachable,0.00954374996945262,0.002484958,1,unreachable,0.009084500139579177,0.003109375,1,unreachable,0.14069866598583758,0.06821417808532715,1,unreachable,0.004092624876648188,0.000243209,1,unknown,0.0038433331064879894,5.791e-06,1
g7_disjunct_12,True,5,3,unknown,0.07529583317227662,0.071083041,1,unknown,0.05216716695576906,0.048040375,1,unreachable,0.00404262519441545,5.5375e-05,1,unknown,1.3666012089233845,1.362128958,1,unreachable,0.0038427498657256365,0.000185,1,unreachable,0.006006292067468166,0.001983833,1,unreachable,0.006616665981709957,0.002223791,1,unreachable,0.15366775006987154,0.07245802879333496,1,unreachable,0.003815916832536459,0.000134292,1,unknown,0.0038327088113874197,6.333e-06,1
g7_disjunct_13,False,15,12,unknown,0.13314895797520876,0.128970708,1,unknown,0.10929437493905425,0.104713083,1,unreachable,0.004025958012789488,0.000346458,1,unknown,0.2565626669675112,0.252457375,1,unreachable,0.0077532080467790365,0.004313125,1,unreachable,0.007916542002931237,0.004323792,1,unreachable,0.011315624928101897,0.007305292,1,unreachable,0.15072283311747015,0.07497906684875488,1,unreachable,0.007386124925687909,0.003157,1,unknown,0.0034302910789847374,6.208e-06,1
g7_disjunct_14,False,15,12,unknown,0.1309659171383828,0.127065792,1,unknown,0.10521866707131267,0.101001833,1,unreachable,0.004156374838203192,0.000404375,1,unknown,0.25133887492120266,0.24729175,1,unreachable,0.00724183302372694,0.003880875,1,unreachable,0.00786454207263887,0.004213334,1,unreachable,0.010698500089347363,0.007223417,1,unreachable,0.13940845802426338,0.0676119327545166,1,unreachable,0.006557207787409425,0.0030455,1,unknown,0.003878624876961112,7.5e-06,1
g7_disjunct_15,True,10,7,unknown,0.12421558401547372,0.11981,1,unknown,0.08309833309613168,0.079087416,1,unreachable,0.0037609580904245377,0.000106375,1,unknown,0.19542254111729562,0.191035333,1,unreachable,0.004275291925296187,0.000395958,1,unreachable,0.007377666886895895,0.003612709,1,unreachable,0.007646207930520177,0.003755667,1,unreachable,0.13477891706861556,0.06799101829528809,1,unreachable,0.0038902920205146074,0.000325833,1,unknown,0.0034945420920848846,6.166e-06,1
g7_disjunct_16,False,18,15,unknown,0.15847120806574821,0.153656459,1,unknown,0.11801025015302002,0.112867417,1,unreachable,0.00452383398078382,0.000448709,1,unknown,0.318422791082412,0.313824125,1,unreachable,0.009817874990403652,0.005937083,1,unreachable,0.008650874951854348,0.004883875,1,unreachable,0.012904125032946467,0.008744208,1,unreachable,0.1497187081258744,0.07462382316589355,1,unreachable,0.008303749840706587,0.004255917,1,unknown,0.00392200006172061,6.625e-06,1
g7_disjunct_17,True,12,9,unknown,0.11554908310063183,0.108698334,1,unknown,0.09254670888185501,0.08824125,1,unreachable,0.003972999984398484,0.000140542,1,unknown,0.25850308290682733,0.254143917,1,unreachable,0.00607079197652638,0.000508,1,unreachable,0.008015333907678723,0.003637459,1,unreachable,0.007797707803547382,0.003804542,1,unreachable,0.14657829189673066,0.0694589614868164,1,unreachable,0.004563958151265979,0.000385417,1,unknown,0.004294541198760271,6.917e-06,1
g7_disjunct_18,False,18,15,unknown,0.15843654214404523,0.154082584,1,unknown,0.12182683311402798,0.117666459,1,unreachable,0.00401066686026752,0.00046475,1,unknown,0.29936541710048914,0.294798334,1,unreachable,0.010030040983110666,0.006279625,1,unreachable,0.008373041171580553,0.004597,1,unreachable,0.012789958156645298,0.00895675,1,unreachable,0.14123470801860094,0.06997203826904297,1,unreachable,0.008431166876107454,0.004762459,1,unknown,0.0036184999626129866,6.917e-06,1
g7_disjunct_19,False,18,15,unknown,0.15139666688628495,0.147440917,1,unknown,0.11438170890323818,0.109911291,1,unreachable,0.004214457934722304,0.000480208,1,unknown,0.30299345892854035,0.299178667,1,unreachable,0.01012229104526341,0.0066705,1,unreachable,0.00844479096122086,0.004736375,1,unreachable,0.0130302500911057,0.009234,1,unreachable,0.13331045908853412,0.0663139820098877,1,unreachable,0.008577542146667838,0.004865708,1,unknown,0.003648499958217144,6.375e-06,1
g7_disjunct_2,False,10,7,unknown,0.0926254999358207,0.088868833,1,unknown,0.08764491719193757,0.07832475,1,unreachable,0.0035063750110566616,0.000158875,1,unknown,0.19539545802399516,0.191406334,1,unreachable,0.0045302079524844885,0.001378833,1,unreachable,0.006944666150957346,0.003611334,1,unreachable,0.008306292118504643,0.0046245,1,unreachable,0.1343345830682665,0.06668686866760254,1,unreachable,0.00474474998190999,0.001268208,1,unknown,0.003487874986603856,5.75e-06,1
g7_disjunct_20,False,16,12,unknown,0.14149345783516765,0.136554334,1,unknown,0.10950700007379055,0.105333333,1,unreachable,0.00410858285613358,0.00032925,1,unknown,0.24993408401496708,0.245678375,1,unreachable,0.007737708976492286,0.004130042,1,unreachable,0.008012290811166167,0.004346459,1,unreachable,0.010408167028799653,0.007040625,1,unreachable,0.1370556668844074,0.07077193260192871,1,unreachable,0.007275958079844713,0.003130416,1,unknown,0.004006250062957406,1.3708e-05,1
g7_disjunct_21,True,10,7,unknown,0.10101154097355902,0.096841583,1,unknown,0.08643316687084734,0.082585584,1,unreachable,0.0036863749846816063,0.000110417,1,unknown,0.22908016596920788,0.224876333,1,unreachable,0.004601042019203305,0.000834833,1,unreachable,0.006761875003576279,0.003289333,1,unreachable,0.008393250172957778,0.003853917,1,unreachable,0.14289449993520975,0.06887507438659668,1,unreachable,0.004542165901511908,0.000318083,1,unknown,0.0038652499206364155,1.4833e-05,1
g7_disjunct_3,True,5,3,unknown,0.08046962507069111,0.07642375,1,unknown,0.05284258397296071,0.048946042,1,unreachable,0.003226540982723236,5.3791e-05,1,unknown,1.3983856660779566,1.394748709,1,unreachable,0.004099792102351785,0.000188834,1,unreachable,0.005839791847392917,0.002167834,1,unreachable,0.006952666910365224,0.002229875,1,unreachable,0.22347187506966293,0.10190105438232422,1,unreachable,0.0034589162096381187,0.000132958,1,unknown,0.0037150001153349876,6.042e-06,1
g7_disjunct_4,False,10,7,unknown,0.09990808297879994,0.096015875,1,unknown,0.084725207882002,0.080813958,1,unreachable,0.003858208190649748,0.000171583,1,unknown,0.2115169579628855,0.206956125,1,unreachable,0.005028249928727746,0.001603667,1,unreachable,0.007627415936440229,0.003784542,1,unreachable,0.008852791041135788,0.004826667,1,unreachable,0.15445333300158381,0.08251714706420898,1,unreachable,0.0047317498829215765,0.001301792,1,unknown,0.0032762500923126936,5.625e-06,1
g7_disjunct_5,False,12,9,unknown,0.11657116701826453,0.111865917,1,unknown,0.09971912507899106,0.08969575,1,unreachable,0.004180541029199958,0.000234042,1,unknown,0.22984345816075802,0.225614542,1,unreachable,0.0056342079769819975,0.002123666,1,unreachable,0.007982749957591295,0.003981667,1,unreachable,0.0092315839137882,0.00564125,1,unreachable,0.1423210829962045,0.07268095016479492,1,unreachable,0.00577412499114871,0.001826708,1,unknown,0.0035215001553297043,6.958e-06,1
g7_disjunct_6,True,1,0,unreachable,0.0036472920328378677,1.4e-05,1,unreachable,0.0038597078528255224,9.25e-06,1,unreachable,0.003238416975364089,2.75e-05,1,unreachable,0.0039742919616401196,8.583e-06,1,unreachable,0.00431162491440773,8.0417e-05,1,unreachable,0.003160207998007536,1.0667e-05,1,unreachable,0.003394833067432046,8.958e-06,1,unreachable,0.14589975005947053,0.07204294204711914,1,unreachable,0.0036251249257475138,5.3417e-05,1,unknown,0.0034694999922066927,5.875e-06,1
g7_disjunct_7,False,12,9,unknown,0.11916349991224706,0.11520375,1,unknown,0.11302312510088086,0.10795375,1,unreachable,0.004576625069603324,0.000259458,1,unknown,0.2555043329484761,0.250549083,1,unreachable,0.006707417080178857,0.002781958,1,unreachable,0.008310707984492183,0.004200917,1,unreachable,0.010616542072966695,0.006439375,1,unreachable,0.14882212481461465,0.07135391235351562,1,unreachable,0.006198167102411389,0.00188525,1,unknown,0.005163207883015275,6.75e-06,1
g7_disjunct_8,False,12,9,unknown,0.10934962495230138,0.104884916,1,unknown,0.09713966702111065,0.092967625,1,unreachable,0.003984832903370261,0.000229208,1,unknown,0.2113628750666976,0.206623542,1,unreachable,0.0057322499342262745,0.002354666,1,unreachable,0.007830000016838312,0.004092209,1,unreachable,0.00957774999551475,0.005651333,1,unreachable,0.15087233297526836,0.08201909065246582,1,unreachable,0.0060012079775333405,0.001999958,1,unknown,0.00379162491299212,6.125e-06,1
g7_disjunct_9,False,15,12,unknown,0.13238275004550815,0.128265041,1,unknown,0.10606437502428889,0.101755667,1,unreachable,0.0038136669900268316,0.000321792,1,unknown,0.25883837486617267,0.254671792,1,unreachable,0.006851833080872893,0.00344675,1,unreachable,0.00841870903968811,0.004234625,1,unreachable,0.010757042095065117,0.007096333,1,unreachable,0.16535900020971894,0.08993387222290039,1,unreachable,0.006467957980930805,0.003091541,1,unknown,0.0034592088777571917,6.375e-06,1
